-- phpMyAdmin SQL Dump
-- version 5.2.1
-- https://www.phpmyadmin.net/
--
-- Host: 127.0.0.1
-- Generation Time: Jul 10, 2023 at 12:49 PM
-- Server version: 10.4.28-MariaDB
-- PHP Version: 8.2.4

SET SQL_MODE = "NO_AUTO_VALUE_ON_ZERO";
START TRANSACTION;
SET time_zone = "+00:00";


/*!40101 SET @OLD_CHARACTER_SET_CLIENT=@@CHARACTER_SET_CLIENT */;
/*!40101 SET @OLD_CHARACTER_SET_RESULTS=@@CHARACTER_SET_RESULTS */;
/*!40101 SET @OLD_COLLATION_CONNECTION=@@COLLATION_CONNECTION */;
/*!40101 SET NAMES utf8mb4 */;

--
-- Database: `a19`
--

-- --------------------------------------------------------

--
-- Table structure for table `categories`
--

CREATE TABLE `categories` (
  `id` bigint(20) UNSIGNED NOT NULL,
  `name` varchar(255) NOT NULL,
  `created_at` timestamp NOT NULL DEFAULT current_timestamp(),
  `updated_at` timestamp NOT NULL DEFAULT current_timestamp() ON UPDATE current_timestamp()
) ENGINE=InnoDB DEFAULT CHARSET=utf8mb4 COLLATE=utf8mb4_unicode_ci;

--
-- Dumping data for table `categories`
--

INSERT INTO `categories` (`id`, `name`, `created_at`, `updated_at`) VALUES
(1, 'Technology', '2023-07-10 08:15:17', '2023-07-10 08:15:17'),
(2, 'Travel', '2023-07-10 08:15:17', '2023-07-10 08:15:17'),
(3, 'Food', '2023-07-10 08:15:17', '2023-07-10 08:15:17'),
(4, 'Fashion', '2023-07-10 08:15:17', '2023-07-10 08:15:17'),
(5, 'Sports', '2023-07-10 08:15:17', '2023-07-10 08:15:17'),
(6, 'Health', '2023-07-10 08:15:17', '2023-07-10 08:15:17');

-- --------------------------------------------------------

--
-- Table structure for table `comments`
--

CREATE TABLE `comments` (
  `id` bigint(20) UNSIGNED NOT NULL,
  `user_id` bigint(20) UNSIGNED NOT NULL,
  `post_id` bigint(20) UNSIGNED NOT NULL,
  `comment` text NOT NULL,
  `created_at` timestamp NOT NULL DEFAULT current_timestamp(),
  `updated_at` timestamp NOT NULL DEFAULT current_timestamp() ON UPDATE current_timestamp()
) ENGINE=InnoDB DEFAULT CHARSET=utf8mb4 COLLATE=utf8mb4_unicode_ci;

--
-- Dumping data for table `comments`
--

INSERT INTO `comments` (`id`, `user_id`, `post_id`, `comment`, `created_at`, `updated_at`) VALUES
(1, 1, 16, 'Great post!', '2023-07-10 08:35:03', '2023-07-10 08:35:03'),
(2, 4, 3, 'Thanks for sharing.', '2023-07-10 08:35:03', '2023-07-10 08:35:03'),
(3, 5, 31, 'I have a question. Can you clarify?', '2023-07-10 08:35:03', '2023-07-10 08:35:03'),
(4, 5, 7, 'Nice article! Keep up the good work!', '2023-07-10 08:35:03', '2023-07-10 08:35:03'),
(5, 9, 18, 'This post is really helpful.', '2023-07-10 08:35:03', '2023-07-10 08:35:03'),
(6, 3, 18, 'Great post!', '2023-07-10 08:35:03', '2023-07-10 08:35:03'),
(7, 1, 17, 'Thanks for sharing.', '2023-07-10 08:35:03', '2023-07-10 08:35:03'),
(8, 5, 30, 'I have a question. Can you clarify?', '2023-07-10 08:35:03', '2023-07-10 08:35:03'),
(9, 2, 32, 'Nice article! Keep up the good work!', '2023-07-10 08:35:03', '2023-07-10 08:35:03'),
(10, 5, 8, 'This post is really helpful.', '2023-07-10 08:35:03', '2023-07-10 08:35:03'),
(11, 9, 23, 'Great post!', '2023-07-10 08:35:03', '2023-07-10 08:35:03'),
(12, 9, 10, 'Thanks for sharing.', '2023-07-10 08:35:03', '2023-07-10 08:35:03'),
(13, 8, 1, 'I have a question. Can you clarify?', '2023-07-10 08:35:03', '2023-07-10 08:35:03'),
(14, 9, 32, 'Nice article! Keep up the good work!', '2023-07-10 08:35:03', '2023-07-10 08:35:03'),
(15, 5, 10, 'This post is really helpful.', '2023-07-10 08:35:03', '2023-07-10 08:35:03'),
(16, 2, 32, 'I completely agree with your point of view.', '2023-07-10 08:35:03', '2023-07-10 08:35:03');

-- --------------------------------------------------------

--
-- Table structure for table `failed_jobs`
--

CREATE TABLE `failed_jobs` (
  `id` bigint(20) UNSIGNED NOT NULL,
  `uuid` varchar(255) NOT NULL,
  `connection` text NOT NULL,
  `queue` text NOT NULL,
  `payload` longtext NOT NULL,
  `exception` longtext NOT NULL,
  `failed_at` timestamp NOT NULL DEFAULT current_timestamp()
) ENGINE=InnoDB DEFAULT CHARSET=utf8mb4 COLLATE=utf8mb4_unicode_ci;

-- --------------------------------------------------------

--
-- Table structure for table `migrations`
--

CREATE TABLE `migrations` (
  `id` int(10) UNSIGNED NOT NULL,
  `migration` varchar(255) NOT NULL,
  `batch` int(11) NOT NULL
) ENGINE=InnoDB DEFAULT CHARSET=utf8mb4 COLLATE=utf8mb4_unicode_ci;

--
-- Dumping data for table `migrations`
--

INSERT INTO `migrations` (`id`, `migration`, `batch`) VALUES
(9, '2014_10_12_000000_create_users_table', 1),
(10, '2014_10_12_100000_create_password_reset_tokens_table', 1),
(11, '2019_08_19_000000_create_failed_jobs_table', 1),
(12, '2019_12_14_000001_create_personal_access_tokens_table', 1),
(13, '2023_07_10_064310_create_profiles_table', 1),
(14, '2023_07_10_064352_create_categories_table', 1),
(15, '2023_07_10_064407_create_posts_table', 1),
(16, '2023_07_10_064438_create_comments_table', 1);

-- --------------------------------------------------------

--
-- Table structure for table `password_reset_tokens`
--

CREATE TABLE `password_reset_tokens` (
  `email` varchar(255) NOT NULL,
  `token` varchar(255) NOT NULL,
  `created_at` timestamp NULL DEFAULT NULL
) ENGINE=InnoDB DEFAULT CHARSET=utf8mb4 COLLATE=utf8mb4_unicode_ci;

-- --------------------------------------------------------

--
-- Table structure for table `personal_access_tokens`
--

CREATE TABLE `personal_access_tokens` (
  `id` bigint(20) UNSIGNED NOT NULL,
  `tokenable_type` varchar(255) NOT NULL,
  `tokenable_id` bigint(20) UNSIGNED NOT NULL,
  `name` varchar(255) NOT NULL,
  `token` varchar(64) NOT NULL,
  `abilities` text DEFAULT NULL,
  `last_used_at` timestamp NULL DEFAULT NULL,
  `expires_at` timestamp NULL DEFAULT NULL,
  `created_at` timestamp NULL DEFAULT NULL,
  `updated_at` timestamp NULL DEFAULT NULL
) ENGINE=InnoDB DEFAULT CHARSET=utf8mb4 COLLATE=utf8mb4_unicode_ci;

-- --------------------------------------------------------

--
-- Table structure for table `posts`
--

CREATE TABLE `posts` (
  `id` bigint(20) UNSIGNED NOT NULL,
  `user_id` bigint(20) UNSIGNED NOT NULL,
  `category_id` bigint(20) UNSIGNED NOT NULL,
  `title` varchar(255) NOT NULL,
  `content` text NOT NULL,
  `banner_img` varchar(255) NOT NULL,
  `created_at` timestamp NOT NULL DEFAULT current_timestamp(),
  `updated_at` timestamp NOT NULL DEFAULT current_timestamp() ON UPDATE current_timestamp()
) ENGINE=InnoDB DEFAULT CHARSET=utf8mb4 COLLATE=utf8mb4_unicode_ci;

--
-- Dumping data for table `posts`
--

INSERT INTO `posts` (`id`, `user_id`, `category_id`, `title`, `content`, `banner_img`, `created_at`, `updated_at`) VALUES
(1, 8, 5, 'Lorem Ipsum', '\r\n    <p>\r\n        Nature has always captivated our hearts and minds with its awe-inspiring beauty. From lush green forests to towering mountains and serene lakes, the wonders of nature never cease to amaze us. Being surrounded by nature has a profound impact on our well-being, providing a sense of peace and tranquility. It allows us to escape the chaos of our busy lives and connect with something greater than ourselves.\r\n    </p>\r\n\r\n    <p>\r\n        One of the most incredible aspects of nature is its diverse flora and fauna. The vibrant colors of flowers and the melodious songs of birds create a symphony of life. Every step in the wilderness unveils a new discovery, whether its spotting a rare species of butterfly or stumbling upon a hidden waterfall tucked away in the woods. These encounters remind us of the intricate beauty that exists in the natural world.\r\n    </p>\r\n\r\n    <p>\r\n        Natures therapeutic effects cannot be overlooked. Time spent in the great outdoors has been shown to reduce stress, improve mood, and boost overall well-being. The simple act of breathing in fresh air and feeling the gentle breeze on our skin can rejuvenate our senses. Whether its a hike through a scenic trail or a picnic in a meadow, nature provides the perfect backdrop for relaxation and rejuvenation.\r\n    </p>\r\n\r\n    <p>\r\n        Moreover, nature teaches us valuable lessons about resilience and adaptability. In the face of changing seasons, plants and animals adjust and thrive. Trees stand tall, braving harsh weather conditions, while animals navigate their habitats with grace and precision. Nature reminds us of the importance of resilience in our own lives, urging us to adapt to challenges and embrace growth.\r\n    </p>\r\n\r\n    <p>\r\n        In our increasingly urbanized world, its crucial to make time for nature. Exploring national parks, embarking on outdoor adventures, or simply tending to a garden can reignite our connection with the natural world. Let us cherish and protect the wonders of nature, preserving them for future generations to enjoy. As we immerse ourselves in natures embrace, we discover a profound sense of harmony and appreciation for the world around us.\r\n    </p>\r\n\r\n    <p>\r\n        In conclusion, nature offers us a sanctuary of beauty, inspiration, and solace. It allows us to reconnect with our roots and appreciate the miracles of life. Let us embark on a journey to explore the wonders of nature, for within its embrace, we find a renewed sense of wonder and a deeper understanding of ourselves.\r\n    </p>', 'https://startbootstrap.github.io/startbootstrap-clean-blog/assets/img/home-bg.jpg', '2023-07-10 08:27:16', '2023-07-10 10:26:26'),
(2, 7, 6, 'Dolor Sit Amet', '\r\n    <p>\r\n        Nature has always captivated our hearts and minds with its awe-inspiring beauty. From lush green forests to towering mountains and serene lakes, the wonders of nature never cease to amaze us. Being surrounded by nature has a profound impact on our well-being, providing a sense of peace and tranquility. It allows us to escape the chaos of our busy lives and connect with something greater than ourselves.\r\n    </p>\r\n\r\n    <p>\r\n        One of the most incredible aspects of nature is its diverse flora and fauna. The vibrant colors of flowers and the melodious songs of birds create a symphony of life. Every step in the wilderness unveils a new discovery, whether its spotting a rare species of butterfly or stumbling upon a hidden waterfall tucked away in the woods. These encounters remind us of the intricate beauty that exists in the natural world.\r\n    </p>\r\n\r\n    <p>\r\n        Natures therapeutic effects cannot be overlooked. Time spent in the great outdoors has been shown to reduce stress, improve mood, and boost overall well-being. The simple act of breathing in fresh air and feeling the gentle breeze on our skin can rejuvenate our senses. Whether its a hike through a scenic trail or a picnic in a meadow, nature provides the perfect backdrop for relaxation and rejuvenation.\r\n    </p>\r\n\r\n    <p>\r\n        Moreover, nature teaches us valuable lessons about resilience and adaptability. In the face of changing seasons, plants and animals adjust and thrive. Trees stand tall, braving harsh weather conditions, while animals navigate their habitats with grace and precision. Nature reminds us of the importance of resilience in our own lives, urging us to adapt to challenges and embrace growth.\r\n    </p>\r\n\r\n    <p>\r\n        In our increasingly urbanized world, its crucial to make time for nature. Exploring national parks, embarking on outdoor adventures, or simply tending to a garden can reignite our connection with the natural world. Let us cherish and protect the wonders of nature, preserving them for future generations to enjoy. As we immerse ourselves in natures embrace, we discover a profound sense of harmony and appreciation for the world around us.\r\n    </p>\r\n\r\n    <p>\r\n        In conclusion, nature offers us a sanctuary of beauty, inspiration, and solace. It allows us to reconnect with our roots and appreciate the miracles of life. Let us embark on a journey to explore the wonders of nature, for within its embrace, we find a renewed sense of wonder and a deeper understanding of ourselves.\r\n    </p>', 'https://startbootstrap.github.io/startbootstrap-clean-blog/assets/img/post-bg.jpg', '2023-07-10 08:27:16', '2023-07-10 10:26:26'),
(3, 6, 2, 'Nunc Vestibulum', '\r\n    <p>\r\n        Nature has always captivated our hearts and minds with its awe-inspiring beauty. From lush green forests to towering mountains and serene lakes, the wonders of nature never cease to amaze us. Being surrounded by nature has a profound impact on our well-being, providing a sense of peace and tranquility. It allows us to escape the chaos of our busy lives and connect with something greater than ourselves.\r\n    </p>\r\n\r\n    <p>\r\n        One of the most incredible aspects of nature is its diverse flora and fauna. The vibrant colors of flowers and the melodious songs of birds create a symphony of life. Every step in the wilderness unveils a new discovery, whether its spotting a rare species of butterfly or stumbling upon a hidden waterfall tucked away in the woods. These encounters remind us of the intricate beauty that exists in the natural world.\r\n    </p>\r\n\r\n    <p>\r\n        Natures therapeutic effects cannot be overlooked. Time spent in the great outdoors has been shown to reduce stress, improve mood, and boost overall well-being. The simple act of breathing in fresh air and feeling the gentle breeze on our skin can rejuvenate our senses. Whether its a hike through a scenic trail or a picnic in a meadow, nature provides the perfect backdrop for relaxation and rejuvenation.\r\n    </p>\r\n\r\n    <p>\r\n        Moreover, nature teaches us valuable lessons about resilience and adaptability. In the face of changing seasons, plants and animals adjust and thrive. Trees stand tall, braving harsh weather conditions, while animals navigate their habitats with grace and precision. Nature reminds us of the importance of resilience in our own lives, urging us to adapt to challenges and embrace growth.\r\n    </p>\r\n\r\n    <p>\r\n        In our increasingly urbanized world, its crucial to make time for nature. Exploring national parks, embarking on outdoor adventures, or simply tending to a garden can reignite our connection with the natural world. Let us cherish and protect the wonders of nature, preserving them for future generations to enjoy. As we immerse ourselves in natures embrace, we discover a profound sense of harmony and appreciation for the world around us.\r\n    </p>\r\n\r\n    <p>\r\n        In conclusion, nature offers us a sanctuary of beauty, inspiration, and solace. It allows us to reconnect with our roots and appreciate the miracles of life. Let us embark on a journey to explore the wonders of nature, for within its embrace, we find a renewed sense of wonder and a deeper understanding of ourselves.\r\n    </p>', 'https://startbootstrap.github.io/startbootstrap-clean-blog/assets/img/home-bg.jpg', '2023-07-10 08:27:16', '2023-07-10 10:26:26'),
(4, 1, 2, 'Lorem Ipsum', '\r\n    <p>\r\n        Nature has always captivated our hearts and minds with its awe-inspiring beauty. From lush green forests to towering mountains and serene lakes, the wonders of nature never cease to amaze us. Being surrounded by nature has a profound impact on our well-being, providing a sense of peace and tranquility. It allows us to escape the chaos of our busy lives and connect with something greater than ourselves.\r\n    </p>\r\n\r\n    <p>\r\n        One of the most incredible aspects of nature is its diverse flora and fauna. The vibrant colors of flowers and the melodious songs of birds create a symphony of life. Every step in the wilderness unveils a new discovery, whether its spotting a rare species of butterfly or stumbling upon a hidden waterfall tucked away in the woods. These encounters remind us of the intricate beauty that exists in the natural world.\r\n    </p>\r\n\r\n    <p>\r\n        Natures therapeutic effects cannot be overlooked. Time spent in the great outdoors has been shown to reduce stress, improve mood, and boost overall well-being. The simple act of breathing in fresh air and feeling the gentle breeze on our skin can rejuvenate our senses. Whether its a hike through a scenic trail or a picnic in a meadow, nature provides the perfect backdrop for relaxation and rejuvenation.\r\n    </p>\r\n\r\n    <p>\r\n        Moreover, nature teaches us valuable lessons about resilience and adaptability. In the face of changing seasons, plants and animals adjust and thrive. Trees stand tall, braving harsh weather conditions, while animals navigate their habitats with grace and precision. Nature reminds us of the importance of resilience in our own lives, urging us to adapt to challenges and embrace growth.\r\n    </p>\r\n\r\n    <p>\r\n        In our increasingly urbanized world, its crucial to make time for nature. Exploring national parks, embarking on outdoor adventures, or simply tending to a garden can reignite our connection with the natural world. Let us cherish and protect the wonders of nature, preserving them for future generations to enjoy. As we immerse ourselves in natures embrace, we discover a profound sense of harmony and appreciation for the world around us.\r\n    </p>\r\n\r\n    <p>\r\n        In conclusion, nature offers us a sanctuary of beauty, inspiration, and solace. It allows us to reconnect with our roots and appreciate the miracles of life. Let us embark on a journey to explore the wonders of nature, for within its embrace, we find a renewed sense of wonder and a deeper understanding of ourselves.\r\n    </p>', 'https://startbootstrap.github.io/startbootstrap-clean-blog/assets/img/home-bg.jpg', '2023-07-10 08:27:47', '2023-07-10 10:26:26'),
(5, 6, 5, 'Dolor Sit Amet', '\r\n    <p>\r\n        Nature has always captivated our hearts and minds with its awe-inspiring beauty. From lush green forests to towering mountains and serene lakes, the wonders of nature never cease to amaze us. Being surrounded by nature has a profound impact on our well-being, providing a sense of peace and tranquility. It allows us to escape the chaos of our busy lives and connect with something greater than ourselves.\r\n    </p>\r\n\r\n    <p>\r\n        One of the most incredible aspects of nature is its diverse flora and fauna. The vibrant colors of flowers and the melodious songs of birds create a symphony of life. Every step in the wilderness unveils a new discovery, whether its spotting a rare species of butterfly or stumbling upon a hidden waterfall tucked away in the woods. These encounters remind us of the intricate beauty that exists in the natural world.\r\n    </p>\r\n\r\n    <p>\r\n        Natures therapeutic effects cannot be overlooked. Time spent in the great outdoors has been shown to reduce stress, improve mood, and boost overall well-being. The simple act of breathing in fresh air and feeling the gentle breeze on our skin can rejuvenate our senses. Whether its a hike through a scenic trail or a picnic in a meadow, nature provides the perfect backdrop for relaxation and rejuvenation.\r\n    </p>\r\n\r\n    <p>\r\n        Moreover, nature teaches us valuable lessons about resilience and adaptability. In the face of changing seasons, plants and animals adjust and thrive. Trees stand tall, braving harsh weather conditions, while animals navigate their habitats with grace and precision. Nature reminds us of the importance of resilience in our own lives, urging us to adapt to challenges and embrace growth.\r\n    </p>\r\n\r\n    <p>\r\n        In our increasingly urbanized world, its crucial to make time for nature. Exploring national parks, embarking on outdoor adventures, or simply tending to a garden can reignite our connection with the natural world. Let us cherish and protect the wonders of nature, preserving them for future generations to enjoy. As we immerse ourselves in natures embrace, we discover a profound sense of harmony and appreciation for the world around us.\r\n    </p>\r\n\r\n    <p>\r\n        In conclusion, nature offers us a sanctuary of beauty, inspiration, and solace. It allows us to reconnect with our roots and appreciate the miracles of life. Let us embark on a journey to explore the wonders of nature, for within its embrace, we find a renewed sense of wonder and a deeper understanding of ourselves.\r\n    </p>', 'https://startbootstrap.github.io/startbootstrap-clean-blog/assets/img/post-bg.jpg', '2023-07-10 08:27:47', '2023-07-10 10:26:26'),
(6, 5, 5, 'Nunc Vestibulum', '\r\n    <p>\r\n        Nature has always captivated our hearts and minds with its awe-inspiring beauty. From lush green forests to towering mountains and serene lakes, the wonders of nature never cease to amaze us. Being surrounded by nature has a profound impact on our well-being, providing a sense of peace and tranquility. It allows us to escape the chaos of our busy lives and connect with something greater than ourselves.\r\n    </p>\r\n\r\n    <p>\r\n        One of the most incredible aspects of nature is its diverse flora and fauna. The vibrant colors of flowers and the melodious songs of birds create a symphony of life. Every step in the wilderness unveils a new discovery, whether its spotting a rare species of butterfly or stumbling upon a hidden waterfall tucked away in the woods. These encounters remind us of the intricate beauty that exists in the natural world.\r\n    </p>\r\n\r\n    <p>\r\n        Natures therapeutic effects cannot be overlooked. Time spent in the great outdoors has been shown to reduce stress, improve mood, and boost overall well-being. The simple act of breathing in fresh air and feeling the gentle breeze on our skin can rejuvenate our senses. Whether its a hike through a scenic trail or a picnic in a meadow, nature provides the perfect backdrop for relaxation and rejuvenation.\r\n    </p>\r\n\r\n    <p>\r\n        Moreover, nature teaches us valuable lessons about resilience and adaptability. In the face of changing seasons, plants and animals adjust and thrive. Trees stand tall, braving harsh weather conditions, while animals navigate their habitats with grace and precision. Nature reminds us of the importance of resilience in our own lives, urging us to adapt to challenges and embrace growth.\r\n    </p>\r\n\r\n    <p>\r\n        In our increasingly urbanized world, its crucial to make time for nature. Exploring national parks, embarking on outdoor adventures, or simply tending to a garden can reignite our connection with the natural world. Let us cherish and protect the wonders of nature, preserving them for future generations to enjoy. As we immerse ourselves in natures embrace, we discover a profound sense of harmony and appreciation for the world around us.\r\n    </p>\r\n\r\n    <p>\r\n        In conclusion, nature offers us a sanctuary of beauty, inspiration, and solace. It allows us to reconnect with our roots and appreciate the miracles of life. Let us embark on a journey to explore the wonders of nature, for within its embrace, we find a renewed sense of wonder and a deeper understanding of ourselves.\r\n    </p>', 'https://startbootstrap.github.io/startbootstrap-clean-blog/assets/img/home-bg.jpg', '2023-07-10 08:27:47', '2023-07-10 10:26:26'),
(7, 2, 2, 'Lorem Ipsum', '\r\n    <p>\r\n        Nature has always captivated our hearts and minds with its awe-inspiring beauty. From lush green forests to towering mountains and serene lakes, the wonders of nature never cease to amaze us. Being surrounded by nature has a profound impact on our well-being, providing a sense of peace and tranquility. It allows us to escape the chaos of our busy lives and connect with something greater than ourselves.\r\n    </p>\r\n\r\n    <p>\r\n        One of the most incredible aspects of nature is its diverse flora and fauna. The vibrant colors of flowers and the melodious songs of birds create a symphony of life. Every step in the wilderness unveils a new discovery, whether its spotting a rare species of butterfly or stumbling upon a hidden waterfall tucked away in the woods. These encounters remind us of the intricate beauty that exists in the natural world.\r\n    </p>\r\n\r\n    <p>\r\n        Natures therapeutic effects cannot be overlooked. Time spent in the great outdoors has been shown to reduce stress, improve mood, and boost overall well-being. The simple act of breathing in fresh air and feeling the gentle breeze on our skin can rejuvenate our senses. Whether its a hike through a scenic trail or a picnic in a meadow, nature provides the perfect backdrop for relaxation and rejuvenation.\r\n    </p>\r\n\r\n    <p>\r\n        Moreover, nature teaches us valuable lessons about resilience and adaptability. In the face of changing seasons, plants and animals adjust and thrive. Trees stand tall, braving harsh weather conditions, while animals navigate their habitats with grace and precision. Nature reminds us of the importance of resilience in our own lives, urging us to adapt to challenges and embrace growth.\r\n    </p>\r\n\r\n    <p>\r\n        In our increasingly urbanized world, its crucial to make time for nature. Exploring national parks, embarking on outdoor adventures, or simply tending to a garden can reignite our connection with the natural world. Let us cherish and protect the wonders of nature, preserving them for future generations to enjoy. As we immerse ourselves in natures embrace, we discover a profound sense of harmony and appreciation for the world around us.\r\n    </p>\r\n\r\n    <p>\r\n        In conclusion, nature offers us a sanctuary of beauty, inspiration, and solace. It allows us to reconnect with our roots and appreciate the miracles of life. Let us embark on a journey to explore the wonders of nature, for within its embrace, we find a renewed sense of wonder and a deeper understanding of ourselves.\r\n    </p>', 'https://startbootstrap.github.io/startbootstrap-clean-blog/assets/img/post-bg.jpg', '2023-07-10 08:28:03', '2023-07-10 10:26:26'),
(8, 10, 6, 'Dolor Sit Amet', '\r\n    <p>\r\n        Nature has always captivated our hearts and minds with its awe-inspiring beauty. From lush green forests to towering mountains and serene lakes, the wonders of nature never cease to amaze us. Being surrounded by nature has a profound impact on our well-being, providing a sense of peace and tranquility. It allows us to escape the chaos of our busy lives and connect with something greater than ourselves.\r\n    </p>\r\n\r\n    <p>\r\n        One of the most incredible aspects of nature is its diverse flora and fauna. The vibrant colors of flowers and the melodious songs of birds create a symphony of life. Every step in the wilderness unveils a new discovery, whether its spotting a rare species of butterfly or stumbling upon a hidden waterfall tucked away in the woods. These encounters remind us of the intricate beauty that exists in the natural world.\r\n    </p>\r\n\r\n    <p>\r\n        Natures therapeutic effects cannot be overlooked. Time spent in the great outdoors has been shown to reduce stress, improve mood, and boost overall well-being. The simple act of breathing in fresh air and feeling the gentle breeze on our skin can rejuvenate our senses. Whether its a hike through a scenic trail or a picnic in a meadow, nature provides the perfect backdrop for relaxation and rejuvenation.\r\n    </p>\r\n\r\n    <p>\r\n        Moreover, nature teaches us valuable lessons about resilience and adaptability. In the face of changing seasons, plants and animals adjust and thrive. Trees stand tall, braving harsh weather conditions, while animals navigate their habitats with grace and precision. Nature reminds us of the importance of resilience in our own lives, urging us to adapt to challenges and embrace growth.\r\n    </p>\r\n\r\n    <p>\r\n        In our increasingly urbanized world, its crucial to make time for nature. Exploring national parks, embarking on outdoor adventures, or simply tending to a garden can reignite our connection with the natural world. Let us cherish and protect the wonders of nature, preserving them for future generations to enjoy. As we immerse ourselves in natures embrace, we discover a profound sense of harmony and appreciation for the world around us.\r\n    </p>\r\n\r\n    <p>\r\n        In conclusion, nature offers us a sanctuary of beauty, inspiration, and solace. It allows us to reconnect with our roots and appreciate the miracles of life. Let us embark on a journey to explore the wonders of nature, for within its embrace, we find a renewed sense of wonder and a deeper understanding of ourselves.\r\n    </p>', 'https://startbootstrap.github.io/startbootstrap-clean-blog/assets/img/home-bg.jpg', '2023-07-10 08:28:03', '2023-07-10 10:26:26'),
(9, 10, 5, 'Nunc Vestibulum', '\r\n    <p>\r\n        Nature has always captivated our hearts and minds with its awe-inspiring beauty. From lush green forests to towering mountains and serene lakes, the wonders of nature never cease to amaze us. Being surrounded by nature has a profound impact on our well-being, providing a sense of peace and tranquility. It allows us to escape the chaos of our busy lives and connect with something greater than ourselves.\r\n    </p>\r\n\r\n    <p>\r\n        One of the most incredible aspects of nature is its diverse flora and fauna. The vibrant colors of flowers and the melodious songs of birds create a symphony of life. Every step in the wilderness unveils a new discovery, whether its spotting a rare species of butterfly or stumbling upon a hidden waterfall tucked away in the woods. These encounters remind us of the intricate beauty that exists in the natural world.\r\n    </p>\r\n\r\n    <p>\r\n        Natures therapeutic effects cannot be overlooked. Time spent in the great outdoors has been shown to reduce stress, improve mood, and boost overall well-being. The simple act of breathing in fresh air and feeling the gentle breeze on our skin can rejuvenate our senses. Whether its a hike through a scenic trail or a picnic in a meadow, nature provides the perfect backdrop for relaxation and rejuvenation.\r\n    </p>\r\n\r\n    <p>\r\n        Moreover, nature teaches us valuable lessons about resilience and adaptability. In the face of changing seasons, plants and animals adjust and thrive. Trees stand tall, braving harsh weather conditions, while animals navigate their habitats with grace and precision. Nature reminds us of the importance of resilience in our own lives, urging us to adapt to challenges and embrace growth.\r\n    </p>\r\n\r\n    <p>\r\n        In our increasingly urbanized world, its crucial to make time for nature. Exploring national parks, embarking on outdoor adventures, or simply tending to a garden can reignite our connection with the natural world. Let us cherish and protect the wonders of nature, preserving them for future generations to enjoy. As we immerse ourselves in natures embrace, we discover a profound sense of harmony and appreciation for the world around us.\r\n    </p>\r\n\r\n    <p>\r\n        In conclusion, nature offers us a sanctuary of beauty, inspiration, and solace. It allows us to reconnect with our roots and appreciate the miracles of life. Let us embark on a journey to explore the wonders of nature, for within its embrace, we find a renewed sense of wonder and a deeper understanding of ourselves.\r\n    </p>', 'https://startbootstrap.github.io/startbootstrap-clean-blog/assets/img/post-bg.jpg', '2023-07-10 08:28:03', '2023-07-10 10:26:26'),
(10, 1, 3, 'Lorem Ipsum', '\r\n    <p>\r\n        Nature has always captivated our hearts and minds with its awe-inspiring beauty. From lush green forests to towering mountains and serene lakes, the wonders of nature never cease to amaze us. Being surrounded by nature has a profound impact on our well-being, providing a sense of peace and tranquility. It allows us to escape the chaos of our busy lives and connect with something greater than ourselves.\r\n    </p>\r\n\r\n    <p>\r\n        One of the most incredible aspects of nature is its diverse flora and fauna. The vibrant colors of flowers and the melodious songs of birds create a symphony of life. Every step in the wilderness unveils a new discovery, whether its spotting a rare species of butterfly or stumbling upon a hidden waterfall tucked away in the woods. These encounters remind us of the intricate beauty that exists in the natural world.\r\n    </p>\r\n\r\n    <p>\r\n        Natures therapeutic effects cannot be overlooked. Time spent in the great outdoors has been shown to reduce stress, improve mood, and boost overall well-being. The simple act of breathing in fresh air and feeling the gentle breeze on our skin can rejuvenate our senses. Whether its a hike through a scenic trail or a picnic in a meadow, nature provides the perfect backdrop for relaxation and rejuvenation.\r\n    </p>\r\n\r\n    <p>\r\n        Moreover, nature teaches us valuable lessons about resilience and adaptability. In the face of changing seasons, plants and animals adjust and thrive. Trees stand tall, braving harsh weather conditions, while animals navigate their habitats with grace and precision. Nature reminds us of the importance of resilience in our own lives, urging us to adapt to challenges and embrace growth.\r\n    </p>\r\n\r\n    <p>\r\n        In our increasingly urbanized world, its crucial to make time for nature. Exploring national parks, embarking on outdoor adventures, or simply tending to a garden can reignite our connection with the natural world. Let us cherish and protect the wonders of nature, preserving them for future generations to enjoy. As we immerse ourselves in natures embrace, we discover a profound sense of harmony and appreciation for the world around us.\r\n    </p>\r\n\r\n    <p>\r\n        In conclusion, nature offers us a sanctuary of beauty, inspiration, and solace. It allows us to reconnect with our roots and appreciate the miracles of life. Let us embark on a journey to explore the wonders of nature, for within its embrace, we find a renewed sense of wonder and a deeper understanding of ourselves.\r\n    </p>', 'https://startbootstrap.github.io/startbootstrap-clean-blog/assets/img/home-bg.jpg', '2023-07-10 08:28:24', '2023-07-10 10:26:26'),
(11, 7, 1, 'Dolor Sit Amet', '\r\n    <p>\r\n        Nature has always captivated our hearts and minds with its awe-inspiring beauty. From lush green forests to towering mountains and serene lakes, the wonders of nature never cease to amaze us. Being surrounded by nature has a profound impact on our well-being, providing a sense of peace and tranquility. It allows us to escape the chaos of our busy lives and connect with something greater than ourselves.\r\n    </p>\r\n\r\n    <p>\r\n        One of the most incredible aspects of nature is its diverse flora and fauna. The vibrant colors of flowers and the melodious songs of birds create a symphony of life. Every step in the wilderness unveils a new discovery, whether its spotting a rare species of butterfly or stumbling upon a hidden waterfall tucked away in the woods. These encounters remind us of the intricate beauty that exists in the natural world.\r\n    </p>\r\n\r\n    <p>\r\n        Natures therapeutic effects cannot be overlooked. Time spent in the great outdoors has been shown to reduce stress, improve mood, and boost overall well-being. The simple act of breathing in fresh air and feeling the gentle breeze on our skin can rejuvenate our senses. Whether its a hike through a scenic trail or a picnic in a meadow, nature provides the perfect backdrop for relaxation and rejuvenation.\r\n    </p>\r\n\r\n    <p>\r\n        Moreover, nature teaches us valuable lessons about resilience and adaptability. In the face of changing seasons, plants and animals adjust and thrive. Trees stand tall, braving harsh weather conditions, while animals navigate their habitats with grace and precision. Nature reminds us of the importance of resilience in our own lives, urging us to adapt to challenges and embrace growth.\r\n    </p>\r\n\r\n    <p>\r\n        In our increasingly urbanized world, its crucial to make time for nature. Exploring national parks, embarking on outdoor adventures, or simply tending to a garden can reignite our connection with the natural world. Let us cherish and protect the wonders of nature, preserving them for future generations to enjoy. As we immerse ourselves in natures embrace, we discover a profound sense of harmony and appreciation for the world around us.\r\n    </p>\r\n\r\n    <p>\r\n        In conclusion, nature offers us a sanctuary of beauty, inspiration, and solace. It allows us to reconnect with our roots and appreciate the miracles of life. Let us embark on a journey to explore the wonders of nature, for within its embrace, we find a renewed sense of wonder and a deeper understanding of ourselves.\r\n    </p>', 'https://startbootstrap.github.io/startbootstrap-clean-blog/assets/img/post-bg.jpg', '2023-07-10 08:28:24', '2023-07-10 10:26:26'),
(12, 6, 3, 'Nunc Vestibulum', '\r\n    <p>\r\n        Nature has always captivated our hearts and minds with its awe-inspiring beauty. From lush green forests to towering mountains and serene lakes, the wonders of nature never cease to amaze us. Being surrounded by nature has a profound impact on our well-being, providing a sense of peace and tranquility. It allows us to escape the chaos of our busy lives and connect with something greater than ourselves.\r\n    </p>\r\n\r\n    <p>\r\n        One of the most incredible aspects of nature is its diverse flora and fauna. The vibrant colors of flowers and the melodious songs of birds create a symphony of life. Every step in the wilderness unveils a new discovery, whether its spotting a rare species of butterfly or stumbling upon a hidden waterfall tucked away in the woods. These encounters remind us of the intricate beauty that exists in the natural world.\r\n    </p>\r\n\r\n    <p>\r\n        Natures therapeutic effects cannot be overlooked. Time spent in the great outdoors has been shown to reduce stress, improve mood, and boost overall well-being. The simple act of breathing in fresh air and feeling the gentle breeze on our skin can rejuvenate our senses. Whether its a hike through a scenic trail or a picnic in a meadow, nature provides the perfect backdrop for relaxation and rejuvenation.\r\n    </p>\r\n\r\n    <p>\r\n        Moreover, nature teaches us valuable lessons about resilience and adaptability. In the face of changing seasons, plants and animals adjust and thrive. Trees stand tall, braving harsh weather conditions, while animals navigate their habitats with grace and precision. Nature reminds us of the importance of resilience in our own lives, urging us to adapt to challenges and embrace growth.\r\n    </p>\r\n\r\n    <p>\r\n        In our increasingly urbanized world, its crucial to make time for nature. Exploring national parks, embarking on outdoor adventures, or simply tending to a garden can reignite our connection with the natural world. Let us cherish and protect the wonders of nature, preserving them for future generations to enjoy. As we immerse ourselves in natures embrace, we discover a profound sense of harmony and appreciation for the world around us.\r\n    </p>\r\n\r\n    <p>\r\n        In conclusion, nature offers us a sanctuary of beauty, inspiration, and solace. It allows us to reconnect with our roots and appreciate the miracles of life. Let us embark on a journey to explore the wonders of nature, for within its embrace, we find a renewed sense of wonder and a deeper understanding of ourselves.\r\n    </p>', 'https://startbootstrap.github.io/startbootstrap-clean-blog/assets/img/home-bg.jpg', '2023-07-10 08:28:24', '2023-07-10 10:26:26'),
(13, 5, 2, 'Lorem Ipsum', '\r\n    <p>\r\n        Nature has always captivated our hearts and minds with its awe-inspiring beauty. From lush green forests to towering mountains and serene lakes, the wonders of nature never cease to amaze us. Being surrounded by nature has a profound impact on our well-being, providing a sense of peace and tranquility. It allows us to escape the chaos of our busy lives and connect with something greater than ourselves.\r\n    </p>\r\n\r\n    <p>\r\n        One of the most incredible aspects of nature is its diverse flora and fauna. The vibrant colors of flowers and the melodious songs of birds create a symphony of life. Every step in the wilderness unveils a new discovery, whether its spotting a rare species of butterfly or stumbling upon a hidden waterfall tucked away in the woods. These encounters remind us of the intricate beauty that exists in the natural world.\r\n    </p>\r\n\r\n    <p>\r\n        Natures therapeutic effects cannot be overlooked. Time spent in the great outdoors has been shown to reduce stress, improve mood, and boost overall well-being. The simple act of breathing in fresh air and feeling the gentle breeze on our skin can rejuvenate our senses. Whether its a hike through a scenic trail or a picnic in a meadow, nature provides the perfect backdrop for relaxation and rejuvenation.\r\n    </p>\r\n\r\n    <p>\r\n        Moreover, nature teaches us valuable lessons about resilience and adaptability. In the face of changing seasons, plants and animals adjust and thrive. Trees stand tall, braving harsh weather conditions, while animals navigate their habitats with grace and precision. Nature reminds us of the importance of resilience in our own lives, urging us to adapt to challenges and embrace growth.\r\n    </p>\r\n\r\n    <p>\r\n        In our increasingly urbanized world, its crucial to make time for nature. Exploring national parks, embarking on outdoor adventures, or simply tending to a garden can reignite our connection with the natural world. Let us cherish and protect the wonders of nature, preserving them for future generations to enjoy. As we immerse ourselves in natures embrace, we discover a profound sense of harmony and appreciation for the world around us.\r\n    </p>\r\n\r\n    <p>\r\n        In conclusion, nature offers us a sanctuary of beauty, inspiration, and solace. It allows us to reconnect with our roots and appreciate the miracles of life. Let us embark on a journey to explore the wonders of nature, for within its embrace, we find a renewed sense of wonder and a deeper understanding of ourselves.\r\n    </p>', 'https://startbootstrap.github.io/startbootstrap-clean-blog/assets/img/post-bg.jpg', '2023-07-10 08:29:48', '2023-07-10 10:26:26'),
(14, 1, 4, 'Dolor Sit Amet', '\r\n    <p>\r\n        Nature has always captivated our hearts and minds with its awe-inspiring beauty. From lush green forests to towering mountains and serene lakes, the wonders of nature never cease to amaze us. Being surrounded by nature has a profound impact on our well-being, providing a sense of peace and tranquility. It allows us to escape the chaos of our busy lives and connect with something greater than ourselves.\r\n    </p>\r\n\r\n    <p>\r\n        One of the most incredible aspects of nature is its diverse flora and fauna. The vibrant colors of flowers and the melodious songs of birds create a symphony of life. Every step in the wilderness unveils a new discovery, whether its spotting a rare species of butterfly or stumbling upon a hidden waterfall tucked away in the woods. These encounters remind us of the intricate beauty that exists in the natural world.\r\n    </p>\r\n\r\n    <p>\r\n        Natures therapeutic effects cannot be overlooked. Time spent in the great outdoors has been shown to reduce stress, improve mood, and boost overall well-being. The simple act of breathing in fresh air and feeling the gentle breeze on our skin can rejuvenate our senses. Whether its a hike through a scenic trail or a picnic in a meadow, nature provides the perfect backdrop for relaxation and rejuvenation.\r\n    </p>\r\n\r\n    <p>\r\n        Moreover, nature teaches us valuable lessons about resilience and adaptability. In the face of changing seasons, plants and animals adjust and thrive. Trees stand tall, braving harsh weather conditions, while animals navigate their habitats with grace and precision. Nature reminds us of the importance of resilience in our own lives, urging us to adapt to challenges and embrace growth.\r\n    </p>\r\n\r\n    <p>\r\n        In our increasingly urbanized world, its crucial to make time for nature. Exploring national parks, embarking on outdoor adventures, or simply tending to a garden can reignite our connection with the natural world. Let us cherish and protect the wonders of nature, preserving them for future generations to enjoy. As we immerse ourselves in natures embrace, we discover a profound sense of harmony and appreciation for the world around us.\r\n    </p>\r\n\r\n    <p>\r\n        In conclusion, nature offers us a sanctuary of beauty, inspiration, and solace. It allows us to reconnect with our roots and appreciate the miracles of life. Let us embark on a journey to explore the wonders of nature, for within its embrace, we find a renewed sense of wonder and a deeper understanding of ourselves.\r\n    </p>', 'https://startbootstrap.github.io/startbootstrap-clean-blog/assets/img/home-bg.jpg', '2023-07-10 08:29:48', '2023-07-10 10:26:26'),
(15, 7, 4, 'Dolor Sit Amet', '\r\n    <p>\r\n        Nature has always captivated our hearts and minds with its awe-inspiring beauty. From lush green forests to towering mountains and serene lakes, the wonders of nature never cease to amaze us. Being surrounded by nature has a profound impact on our well-being, providing a sense of peace and tranquility. It allows us to escape the chaos of our busy lives and connect with something greater than ourselves.\r\n    </p>\r\n\r\n    <p>\r\n        One of the most incredible aspects of nature is its diverse flora and fauna. The vibrant colors of flowers and the melodious songs of birds create a symphony of life. Every step in the wilderness unveils a new discovery, whether its spotting a rare species of butterfly or stumbling upon a hidden waterfall tucked away in the woods. These encounters remind us of the intricate beauty that exists in the natural world.\r\n    </p>\r\n\r\n    <p>\r\n        Natures therapeutic effects cannot be overlooked. Time spent in the great outdoors has been shown to reduce stress, improve mood, and boost overall well-being. The simple act of breathing in fresh air and feeling the gentle breeze on our skin can rejuvenate our senses. Whether its a hike through a scenic trail or a picnic in a meadow, nature provides the perfect backdrop for relaxation and rejuvenation.\r\n    </p>\r\n\r\n    <p>\r\n        Moreover, nature teaches us valuable lessons about resilience and adaptability. In the face of changing seasons, plants and animals adjust and thrive. Trees stand tall, braving harsh weather conditions, while animals navigate their habitats with grace and precision. Nature reminds us of the importance of resilience in our own lives, urging us to adapt to challenges and embrace growth.\r\n    </p>\r\n\r\n    <p>\r\n        In our increasingly urbanized world, its crucial to make time for nature. Exploring national parks, embarking on outdoor adventures, or simply tending to a garden can reignite our connection with the natural world. Let us cherish and protect the wonders of nature, preserving them for future generations to enjoy. As we immerse ourselves in natures embrace, we discover a profound sense of harmony and appreciation for the world around us.\r\n    </p>\r\n\r\n    <p>\r\n        In conclusion, nature offers us a sanctuary of beauty, inspiration, and solace. It allows us to reconnect with our roots and appreciate the miracles of life. Let us embark on a journey to explore the wonders of nature, for within its embrace, we find a renewed sense of wonder and a deeper understanding of ourselves.\r\n    </p>', 'https://startbootstrap.github.io/startbootstrap-clean-blog/assets/img/post-bg.jpg', '2023-07-10 08:29:48', '2023-07-10 10:26:26'),
(16, 1, 1, 'Learning Laravel', '\r\n    <p>\r\n        Nature has always captivated our hearts and minds with its awe-inspiring beauty. From lush green forests to towering mountains and serene lakes, the wonders of nature never cease to amaze us. Being surrounded by nature has a profound impact on our well-being, providing a sense of peace and tranquility. It allows us to escape the chaos of our busy lives and connect with something greater than ourselves.\r\n    </p>\r\n\r\n    <p>\r\n        One of the most incredible aspects of nature is its diverse flora and fauna. The vibrant colors of flowers and the melodious songs of birds create a symphony of life. Every step in the wilderness unveils a new discovery, whether its spotting a rare species of butterfly or stumbling upon a hidden waterfall tucked away in the woods. These encounters remind us of the intricate beauty that exists in the natural world.\r\n    </p>\r\n\r\n    <p>\r\n        Natures therapeutic effects cannot be overlooked. Time spent in the great outdoors has been shown to reduce stress, improve mood, and boost overall well-being. The simple act of breathing in fresh air and feeling the gentle breeze on our skin can rejuvenate our senses. Whether its a hike through a scenic trail or a picnic in a meadow, nature provides the perfect backdrop for relaxation and rejuvenation.\r\n    </p>\r\n\r\n    <p>\r\n        Moreover, nature teaches us valuable lessons about resilience and adaptability. In the face of changing seasons, plants and animals adjust and thrive. Trees stand tall, braving harsh weather conditions, while animals navigate their habitats with grace and precision. Nature reminds us of the importance of resilience in our own lives, urging us to adapt to challenges and embrace growth.\r\n    </p>\r\n\r\n    <p>\r\n        In our increasingly urbanized world, its crucial to make time for nature. Exploring national parks, embarking on outdoor adventures, or simply tending to a garden can reignite our connection with the natural world. Let us cherish and protect the wonders of nature, preserving them for future generations to enjoy. As we immerse ourselves in natures embrace, we discover a profound sense of harmony and appreciation for the world around us.\r\n    </p>\r\n\r\n    <p>\r\n        In conclusion, nature offers us a sanctuary of beauty, inspiration, and solace. It allows us to reconnect with our roots and appreciate the miracles of life. Let us embark on a journey to explore the wonders of nature, for within its embrace, we find a renewed sense of wonder and a deeper understanding of ourselves.\r\n    </p>', 'https://startbootstrap.github.io/startbootstrap-clean-blog/assets/img/home-bg.jpg', '2023-07-10 08:29:48', '2023-07-10 10:26:26'),
(17, 1, 5, 'Dolor Sit Amet', '\r\n    <p>\r\n        Nature has always captivated our hearts and minds with its awe-inspiring beauty. From lush green forests to towering mountains and serene lakes, the wonders of nature never cease to amaze us. Being surrounded by nature has a profound impact on our well-being, providing a sense of peace and tranquility. It allows us to escape the chaos of our busy lives and connect with something greater than ourselves.\r\n    </p>\r\n\r\n    <p>\r\n        One of the most incredible aspects of nature is its diverse flora and fauna. The vibrant colors of flowers and the melodious songs of birds create a symphony of life. Every step in the wilderness unveils a new discovery, whether its spotting a rare species of butterfly or stumbling upon a hidden waterfall tucked away in the woods. These encounters remind us of the intricate beauty that exists in the natural world.\r\n    </p>\r\n\r\n    <p>\r\n        Natures therapeutic effects cannot be overlooked. Time spent in the great outdoors has been shown to reduce stress, improve mood, and boost overall well-being. The simple act of breathing in fresh air and feeling the gentle breeze on our skin can rejuvenate our senses. Whether its a hike through a scenic trail or a picnic in a meadow, nature provides the perfect backdrop for relaxation and rejuvenation.\r\n    </p>\r\n\r\n    <p>\r\n        Moreover, nature teaches us valuable lessons about resilience and adaptability. In the face of changing seasons, plants and animals adjust and thrive. Trees stand tall, braving harsh weather conditions, while animals navigate their habitats with grace and precision. Nature reminds us of the importance of resilience in our own lives, urging us to adapt to challenges and embrace growth.\r\n    </p>\r\n\r\n    <p>\r\n        In our increasingly urbanized world, its crucial to make time for nature. Exploring national parks, embarking on outdoor adventures, or simply tending to a garden can reignite our connection with the natural world. Let us cherish and protect the wonders of nature, preserving them for future generations to enjoy. As we immerse ourselves in natures embrace, we discover a profound sense of harmony and appreciation for the world around us.\r\n    </p>\r\n\r\n    <p>\r\n        In conclusion, nature offers us a sanctuary of beauty, inspiration, and solace. It allows us to reconnect with our roots and appreciate the miracles of life. Let us embark on a journey to explore the wonders of nature, for within its embrace, we find a renewed sense of wonder and a deeper understanding of ourselves.\r\n    </p>', 'https://startbootstrap.github.io/startbootstrap-clean-blog/assets/img/post-bg.jpg', '2023-07-10 08:29:48', '2023-07-10 10:26:26'),
(18, 7, 6, 'Dolor Sit Amet', '\r\n    <p>\r\n        Nature has always captivated our hearts and minds with its awe-inspiring beauty. From lush green forests to towering mountains and serene lakes, the wonders of nature never cease to amaze us. Being surrounded by nature has a profound impact on our well-being, providing a sense of peace and tranquility. It allows us to escape the chaos of our busy lives and connect with something greater than ourselves.\r\n    </p>\r\n\r\n    <p>\r\n        One of the most incredible aspects of nature is its diverse flora and fauna. The vibrant colors of flowers and the melodious songs of birds create a symphony of life. Every step in the wilderness unveils a new discovery, whether its spotting a rare species of butterfly or stumbling upon a hidden waterfall tucked away in the woods. These encounters remind us of the intricate beauty that exists in the natural world.\r\n    </p>\r\n\r\n    <p>\r\n        Natures therapeutic effects cannot be overlooked. Time spent in the great outdoors has been shown to reduce stress, improve mood, and boost overall well-being. The simple act of breathing in fresh air and feeling the gentle breeze on our skin can rejuvenate our senses. Whether its a hike through a scenic trail or a picnic in a meadow, nature provides the perfect backdrop for relaxation and rejuvenation.\r\n    </p>\r\n\r\n    <p>\r\n        Moreover, nature teaches us valuable lessons about resilience and adaptability. In the face of changing seasons, plants and animals adjust and thrive. Trees stand tall, braving harsh weather conditions, while animals navigate their habitats with grace and precision. Nature reminds us of the importance of resilience in our own lives, urging us to adapt to challenges and embrace growth.\r\n    </p>\r\n\r\n    <p>\r\n        In our increasingly urbanized world, its crucial to make time for nature. Exploring national parks, embarking on outdoor adventures, or simply tending to a garden can reignite our connection with the natural world. Let us cherish and protect the wonders of nature, preserving them for future generations to enjoy. As we immerse ourselves in natures embrace, we discover a profound sense of harmony and appreciation for the world around us.\r\n    </p>\r\n\r\n    <p>\r\n        In conclusion, nature offers us a sanctuary of beauty, inspiration, and solace. It allows us to reconnect with our roots and appreciate the miracles of life. Let us embark on a journey to explore the wonders of nature, for within its embrace, we find a renewed sense of wonder and a deeper understanding of ourselves.\r\n    </p>', 'https://startbootstrap.github.io/startbootstrap-clean-blog/assets/img/home-bg.jpg', '2023-07-10 08:29:48', '2023-07-10 10:26:26');
INSERT INTO `posts` (`id`, `user_id`, `category_id`, `title`, `content`, `banner_img`, `created_at`, `updated_at`) VALUES
(19, 10, 5, 'Dolor Sit Amet', '\r\n    <p>\r\n        Nature has always captivated our hearts and minds with its awe-inspiring beauty. From lush green forests to towering mountains and serene lakes, the wonders of nature never cease to amaze us. Being surrounded by nature has a profound impact on our well-being, providing a sense of peace and tranquility. It allows us to escape the chaos of our busy lives and connect with something greater than ourselves.\r\n    </p>\r\n\r\n    <p>\r\n        One of the most incredible aspects of nature is its diverse flora and fauna. The vibrant colors of flowers and the melodious songs of birds create a symphony of life. Every step in the wilderness unveils a new discovery, whether its spotting a rare species of butterfly or stumbling upon a hidden waterfall tucked away in the woods. These encounters remind us of the intricate beauty that exists in the natural world.\r\n    </p>\r\n\r\n    <p>\r\n        Natures therapeutic effects cannot be overlooked. Time spent in the great outdoors has been shown to reduce stress, improve mood, and boost overall well-being. The simple act of breathing in fresh air and feeling the gentle breeze on our skin can rejuvenate our senses. Whether its a hike through a scenic trail or a picnic in a meadow, nature provides the perfect backdrop for relaxation and rejuvenation.\r\n    </p>\r\n\r\n    <p>\r\n        Moreover, nature teaches us valuable lessons about resilience and adaptability. In the face of changing seasons, plants and animals adjust and thrive. Trees stand tall, braving harsh weather conditions, while animals navigate their habitats with grace and precision. Nature reminds us of the importance of resilience in our own lives, urging us to adapt to challenges and embrace growth.\r\n    </p>\r\n\r\n    <p>\r\n        In our increasingly urbanized world, its crucial to make time for nature. Exploring national parks, embarking on outdoor adventures, or simply tending to a garden can reignite our connection with the natural world. Let us cherish and protect the wonders of nature, preserving them for future generations to enjoy. As we immerse ourselves in natures embrace, we discover a profound sense of harmony and appreciation for the world around us.\r\n    </p>\r\n\r\n    <p>\r\n        In conclusion, nature offers us a sanctuary of beauty, inspiration, and solace. It allows us to reconnect with our roots and appreciate the miracles of life. Let us embark on a journey to explore the wonders of nature, for within its embrace, we find a renewed sense of wonder and a deeper understanding of ourselves.\r\n    </p>', 'https://startbootstrap.github.io/startbootstrap-clean-blog/assets/img/post-bg.jpg', '2023-07-10 08:29:48', '2023-07-10 10:26:26'),
(20, 7, 3, 'Dolor Sit Amet', '\r\n    <p>\r\n        Nature has always captivated our hearts and minds with its awe-inspiring beauty. From lush green forests to towering mountains and serene lakes, the wonders of nature never cease to amaze us. Being surrounded by nature has a profound impact on our well-being, providing a sense of peace and tranquility. It allows us to escape the chaos of our busy lives and connect with something greater than ourselves.\r\n    </p>\r\n\r\n    <p>\r\n        One of the most incredible aspects of nature is its diverse flora and fauna. The vibrant colors of flowers and the melodious songs of birds create a symphony of life. Every step in the wilderness unveils a new discovery, whether its spotting a rare species of butterfly or stumbling upon a hidden waterfall tucked away in the woods. These encounters remind us of the intricate beauty that exists in the natural world.\r\n    </p>\r\n\r\n    <p>\r\n        Natures therapeutic effects cannot be overlooked. Time spent in the great outdoors has been shown to reduce stress, improve mood, and boost overall well-being. The simple act of breathing in fresh air and feeling the gentle breeze on our skin can rejuvenate our senses. Whether its a hike through a scenic trail or a picnic in a meadow, nature provides the perfect backdrop for relaxation and rejuvenation.\r\n    </p>\r\n\r\n    <p>\r\n        Moreover, nature teaches us valuable lessons about resilience and adaptability. In the face of changing seasons, plants and animals adjust and thrive. Trees stand tall, braving harsh weather conditions, while animals navigate their habitats with grace and precision. Nature reminds us of the importance of resilience in our own lives, urging us to adapt to challenges and embrace growth.\r\n    </p>\r\n\r\n    <p>\r\n        In our increasingly urbanized world, its crucial to make time for nature. Exploring national parks, embarking on outdoor adventures, or simply tending to a garden can reignite our connection with the natural world. Let us cherish and protect the wonders of nature, preserving them for future generations to enjoy. As we immerse ourselves in natures embrace, we discover a profound sense of harmony and appreciation for the world around us.\r\n    </p>\r\n\r\n    <p>\r\n        In conclusion, nature offers us a sanctuary of beauty, inspiration, and solace. It allows us to reconnect with our roots and appreciate the miracles of life. Let us embark on a journey to explore the wonders of nature, for within its embrace, we find a renewed sense of wonder and a deeper understanding of ourselves.\r\n    </p>', 'https://startbootstrap.github.io/startbootstrap-clean-blog/assets/img/home-bg.jpg', '2023-07-10 08:29:48', '2023-07-10 10:26:26'),
(21, 8, 4, 'Dolor Sit Amet', '\r\n    <p>\r\n        Nature has always captivated our hearts and minds with its awe-inspiring beauty. From lush green forests to towering mountains and serene lakes, the wonders of nature never cease to amaze us. Being surrounded by nature has a profound impact on our well-being, providing a sense of peace and tranquility. It allows us to escape the chaos of our busy lives and connect with something greater than ourselves.\r\n    </p>\r\n\r\n    <p>\r\n        One of the most incredible aspects of nature is its diverse flora and fauna. The vibrant colors of flowers and the melodious songs of birds create a symphony of life. Every step in the wilderness unveils a new discovery, whether its spotting a rare species of butterfly or stumbling upon a hidden waterfall tucked away in the woods. These encounters remind us of the intricate beauty that exists in the natural world.\r\n    </p>\r\n\r\n    <p>\r\n        Natures therapeutic effects cannot be overlooked. Time spent in the great outdoors has been shown to reduce stress, improve mood, and boost overall well-being. The simple act of breathing in fresh air and feeling the gentle breeze on our skin can rejuvenate our senses. Whether its a hike through a scenic trail or a picnic in a meadow, nature provides the perfect backdrop for relaxation and rejuvenation.\r\n    </p>\r\n\r\n    <p>\r\n        Moreover, nature teaches us valuable lessons about resilience and adaptability. In the face of changing seasons, plants and animals adjust and thrive. Trees stand tall, braving harsh weather conditions, while animals navigate their habitats with grace and precision. Nature reminds us of the importance of resilience in our own lives, urging us to adapt to challenges and embrace growth.\r\n    </p>\r\n\r\n    <p>\r\n        In our increasingly urbanized world, its crucial to make time for nature. Exploring national parks, embarking on outdoor adventures, or simply tending to a garden can reignite our connection with the natural world. Let us cherish and protect the wonders of nature, preserving them for future generations to enjoy. As we immerse ourselves in natures embrace, we discover a profound sense of harmony and appreciation for the world around us.\r\n    </p>\r\n\r\n    <p>\r\n        In conclusion, nature offers us a sanctuary of beauty, inspiration, and solace. It allows us to reconnect with our roots and appreciate the miracles of life. Let us embark on a journey to explore the wonders of nature, for within its embrace, we find a renewed sense of wonder and a deeper understanding of ourselves.\r\n    </p>', 'https://startbootstrap.github.io/startbootstrap-clean-blog/assets/img/post-bg.jpg', '2023-07-10 08:29:48', '2023-07-10 10:26:26'),
(22, 8, 6, 'Dolor Sit Amet', '\r\n    <p>\r\n        Nature has always captivated our hearts and minds with its awe-inspiring beauty. From lush green forests to towering mountains and serene lakes, the wonders of nature never cease to amaze us. Being surrounded by nature has a profound impact on our well-being, providing a sense of peace and tranquility. It allows us to escape the chaos of our busy lives and connect with something greater than ourselves.\r\n    </p>\r\n\r\n    <p>\r\n        One of the most incredible aspects of nature is its diverse flora and fauna. The vibrant colors of flowers and the melodious songs of birds create a symphony of life. Every step in the wilderness unveils a new discovery, whether its spotting a rare species of butterfly or stumbling upon a hidden waterfall tucked away in the woods. These encounters remind us of the intricate beauty that exists in the natural world.\r\n    </p>\r\n\r\n    <p>\r\n        Natures therapeutic effects cannot be overlooked. Time spent in the great outdoors has been shown to reduce stress, improve mood, and boost overall well-being. The simple act of breathing in fresh air and feeling the gentle breeze on our skin can rejuvenate our senses. Whether its a hike through a scenic trail or a picnic in a meadow, nature provides the perfect backdrop for relaxation and rejuvenation.\r\n    </p>\r\n\r\n    <p>\r\n        Moreover, nature teaches us valuable lessons about resilience and adaptability. In the face of changing seasons, plants and animals adjust and thrive. Trees stand tall, braving harsh weather conditions, while animals navigate their habitats with grace and precision. Nature reminds us of the importance of resilience in our own lives, urging us to adapt to challenges and embrace growth.\r\n    </p>\r\n\r\n    <p>\r\n        In our increasingly urbanized world, its crucial to make time for nature. Exploring national parks, embarking on outdoor adventures, or simply tending to a garden can reignite our connection with the natural world. Let us cherish and protect the wonders of nature, preserving them for future generations to enjoy. As we immerse ourselves in natures embrace, we discover a profound sense of harmony and appreciation for the world around us.\r\n    </p>\r\n\r\n    <p>\r\n        In conclusion, nature offers us a sanctuary of beauty, inspiration, and solace. It allows us to reconnect with our roots and appreciate the miracles of life. Let us embark on a journey to explore the wonders of nature, for within its embrace, we find a renewed sense of wonder and a deeper understanding of ourselves.\r\n    </p>', 'https://startbootstrap.github.io/startbootstrap-clean-blog/assets/img/home-bg.jpg', '2023-07-10 08:29:48', '2023-07-10 10:26:26'),
(23, 6, 6, 'Dolor Sit Amet', '\r\n    <p>\r\n        Nature has always captivated our hearts and minds with its awe-inspiring beauty. From lush green forests to towering mountains and serene lakes, the wonders of nature never cease to amaze us. Being surrounded by nature has a profound impact on our well-being, providing a sense of peace and tranquility. It allows us to escape the chaos of our busy lives and connect with something greater than ourselves.\r\n    </p>\r\n\r\n    <p>\r\n        One of the most incredible aspects of nature is its diverse flora and fauna. The vibrant colors of flowers and the melodious songs of birds create a symphony of life. Every step in the wilderness unveils a new discovery, whether its spotting a rare species of butterfly or stumbling upon a hidden waterfall tucked away in the woods. These encounters remind us of the intricate beauty that exists in the natural world.\r\n    </p>\r\n\r\n    <p>\r\n        Natures therapeutic effects cannot be overlooked. Time spent in the great outdoors has been shown to reduce stress, improve mood, and boost overall well-being. The simple act of breathing in fresh air and feeling the gentle breeze on our skin can rejuvenate our senses. Whether its a hike through a scenic trail or a picnic in a meadow, nature provides the perfect backdrop for relaxation and rejuvenation.\r\n    </p>\r\n\r\n    <p>\r\n        Moreover, nature teaches us valuable lessons about resilience and adaptability. In the face of changing seasons, plants and animals adjust and thrive. Trees stand tall, braving harsh weather conditions, while animals navigate their habitats with grace and precision. Nature reminds us of the importance of resilience in our own lives, urging us to adapt to challenges and embrace growth.\r\n    </p>\r\n\r\n    <p>\r\n        In our increasingly urbanized world, its crucial to make time for nature. Exploring national parks, embarking on outdoor adventures, or simply tending to a garden can reignite our connection with the natural world. Let us cherish and protect the wonders of nature, preserving them for future generations to enjoy. As we immerse ourselves in natures embrace, we discover a profound sense of harmony and appreciation for the world around us.\r\n    </p>\r\n\r\n    <p>\r\n        In conclusion, nature offers us a sanctuary of beauty, inspiration, and solace. It allows us to reconnect with our roots and appreciate the miracles of life. Let us embark on a journey to explore the wonders of nature, for within its embrace, we find a renewed sense of wonder and a deeper understanding of ourselves.\r\n    </p>', 'https://startbootstrap.github.io/startbootstrap-clean-blog/assets/img/post-bg.jpg', '2023-07-10 08:29:48', '2023-07-10 10:26:26'),
(24, 3, 2, 'Dolor Sit Amet', '\r\n    <p>\r\n        Nature has always captivated our hearts and minds with its awe-inspiring beauty. From lush green forests to towering mountains and serene lakes, the wonders of nature never cease to amaze us. Being surrounded by nature has a profound impact on our well-being, providing a sense of peace and tranquility. It allows us to escape the chaos of our busy lives and connect with something greater than ourselves.\r\n    </p>\r\n\r\n    <p>\r\n        One of the most incredible aspects of nature is its diverse flora and fauna. The vibrant colors of flowers and the melodious songs of birds create a symphony of life. Every step in the wilderness unveils a new discovery, whether its spotting a rare species of butterfly or stumbling upon a hidden waterfall tucked away in the woods. These encounters remind us of the intricate beauty that exists in the natural world.\r\n    </p>\r\n\r\n    <p>\r\n        Natures therapeutic effects cannot be overlooked. Time spent in the great outdoors has been shown to reduce stress, improve mood, and boost overall well-being. The simple act of breathing in fresh air and feeling the gentle breeze on our skin can rejuvenate our senses. Whether its a hike through a scenic trail or a picnic in a meadow, nature provides the perfect backdrop for relaxation and rejuvenation.\r\n    </p>\r\n\r\n    <p>\r\n        Moreover, nature teaches us valuable lessons about resilience and adaptability. In the face of changing seasons, plants and animals adjust and thrive. Trees stand tall, braving harsh weather conditions, while animals navigate their habitats with grace and precision. Nature reminds us of the importance of resilience in our own lives, urging us to adapt to challenges and embrace growth.\r\n    </p>\r\n\r\n    <p>\r\n        In our increasingly urbanized world, its crucial to make time for nature. Exploring national parks, embarking on outdoor adventures, or simply tending to a garden can reignite our connection with the natural world. Let us cherish and protect the wonders of nature, preserving them for future generations to enjoy. As we immerse ourselves in natures embrace, we discover a profound sense of harmony and appreciation for the world around us.\r\n    </p>\r\n\r\n    <p>\r\n        In conclusion, nature offers us a sanctuary of beauty, inspiration, and solace. It allows us to reconnect with our roots and appreciate the miracles of life. Let us embark on a journey to explore the wonders of nature, for within its embrace, we find a renewed sense of wonder and a deeper understanding of ourselves.\r\n    </p>', 'https://startbootstrap.github.io/startbootstrap-clean-blog/assets/img/home-bg.jpg', '2023-07-10 08:29:48', '2023-07-10 10:26:26'),
(25, 5, 4, 'Dolor Sit Amet', '\r\n    <p>\r\n        Nature has always captivated our hearts and minds with its awe-inspiring beauty. From lush green forests to towering mountains and serene lakes, the wonders of nature never cease to amaze us. Being surrounded by nature has a profound impact on our well-being, providing a sense of peace and tranquility. It allows us to escape the chaos of our busy lives and connect with something greater than ourselves.\r\n    </p>\r\n\r\n    <p>\r\n        One of the most incredible aspects of nature is its diverse flora and fauna. The vibrant colors of flowers and the melodious songs of birds create a symphony of life. Every step in the wilderness unveils a new discovery, whether its spotting a rare species of butterfly or stumbling upon a hidden waterfall tucked away in the woods. These encounters remind us of the intricate beauty that exists in the natural world.\r\n    </p>\r\n\r\n    <p>\r\n        Natures therapeutic effects cannot be overlooked. Time spent in the great outdoors has been shown to reduce stress, improve mood, and boost overall well-being. The simple act of breathing in fresh air and feeling the gentle breeze on our skin can rejuvenate our senses. Whether its a hike through a scenic trail or a picnic in a meadow, nature provides the perfect backdrop for relaxation and rejuvenation.\r\n    </p>\r\n\r\n    <p>\r\n        Moreover, nature teaches us valuable lessons about resilience and adaptability. In the face of changing seasons, plants and animals adjust and thrive. Trees stand tall, braving harsh weather conditions, while animals navigate their habitats with grace and precision. Nature reminds us of the importance of resilience in our own lives, urging us to adapt to challenges and embrace growth.\r\n    </p>\r\n\r\n    <p>\r\n        In our increasingly urbanized world, its crucial to make time for nature. Exploring national parks, embarking on outdoor adventures, or simply tending to a garden can reignite our connection with the natural world. Let us cherish and protect the wonders of nature, preserving them for future generations to enjoy. As we immerse ourselves in natures embrace, we discover a profound sense of harmony and appreciation for the world around us.\r\n    </p>\r\n\r\n    <p>\r\n        In conclusion, nature offers us a sanctuary of beauty, inspiration, and solace. It allows us to reconnect with our roots and appreciate the miracles of life. Let us embark on a journey to explore the wonders of nature, for within its embrace, we find a renewed sense of wonder and a deeper understanding of ourselves.\r\n    </p>', 'https://startbootstrap.github.io/startbootstrap-clean-blog/assets/img/post-bg.jpg', '2023-07-10 08:29:48', '2023-07-10 10:26:26'),
(26, 6, 1, 'Dolor Sit Amet', '\r\n    <p>\r\n        Nature has always captivated our hearts and minds with its awe-inspiring beauty. From lush green forests to towering mountains and serene lakes, the wonders of nature never cease to amaze us. Being surrounded by nature has a profound impact on our well-being, providing a sense of peace and tranquility. It allows us to escape the chaos of our busy lives and connect with something greater than ourselves.\r\n    </p>\r\n\r\n    <p>\r\n        One of the most incredible aspects of nature is its diverse flora and fauna. The vibrant colors of flowers and the melodious songs of birds create a symphony of life. Every step in the wilderness unveils a new discovery, whether its spotting a rare species of butterfly or stumbling upon a hidden waterfall tucked away in the woods. These encounters remind us of the intricate beauty that exists in the natural world.\r\n    </p>\r\n\r\n    <p>\r\n        Natures therapeutic effects cannot be overlooked. Time spent in the great outdoors has been shown to reduce stress, improve mood, and boost overall well-being. The simple act of breathing in fresh air and feeling the gentle breeze on our skin can rejuvenate our senses. Whether its a hike through a scenic trail or a picnic in a meadow, nature provides the perfect backdrop for relaxation and rejuvenation.\r\n    </p>\r\n\r\n    <p>\r\n        Moreover, nature teaches us valuable lessons about resilience and adaptability. In the face of changing seasons, plants and animals adjust and thrive. Trees stand tall, braving harsh weather conditions, while animals navigate their habitats with grace and precision. Nature reminds us of the importance of resilience in our own lives, urging us to adapt to challenges and embrace growth.\r\n    </p>\r\n\r\n    <p>\r\n        In our increasingly urbanized world, its crucial to make time for nature. Exploring national parks, embarking on outdoor adventures, or simply tending to a garden can reignite our connection with the natural world. Let us cherish and protect the wonders of nature, preserving them for future generations to enjoy. As we immerse ourselves in natures embrace, we discover a profound sense of harmony and appreciation for the world around us.\r\n    </p>\r\n\r\n    <p>\r\n        In conclusion, nature offers us a sanctuary of beauty, inspiration, and solace. It allows us to reconnect with our roots and appreciate the miracles of life. Let us embark on a journey to explore the wonders of nature, for within its embrace, we find a renewed sense of wonder and a deeper understanding of ourselves.\r\n    </p>', 'https://startbootstrap.github.io/startbootstrap-clean-blog/assets/img/home-bg.jpg', '2023-07-10 08:29:48', '2023-07-10 10:26:26'),
(27, 1, 5, 'Dolor Sit Amet', '\r\n    <p>\r\n        Nature has always captivated our hearts and minds with its awe-inspiring beauty. From lush green forests to towering mountains and serene lakes, the wonders of nature never cease to amaze us. Being surrounded by nature has a profound impact on our well-being, providing a sense of peace and tranquility. It allows us to escape the chaos of our busy lives and connect with something greater than ourselves.\r\n    </p>\r\n\r\n    <p>\r\n        One of the most incredible aspects of nature is its diverse flora and fauna. The vibrant colors of flowers and the melodious songs of birds create a symphony of life. Every step in the wilderness unveils a new discovery, whether its spotting a rare species of butterfly or stumbling upon a hidden waterfall tucked away in the woods. These encounters remind us of the intricate beauty that exists in the natural world.\r\n    </p>\r\n\r\n    <p>\r\n        Natures therapeutic effects cannot be overlooked. Time spent in the great outdoors has been shown to reduce stress, improve mood, and boost overall well-being. The simple act of breathing in fresh air and feeling the gentle breeze on our skin can rejuvenate our senses. Whether its a hike through a scenic trail or a picnic in a meadow, nature provides the perfect backdrop for relaxation and rejuvenation.\r\n    </p>\r\n\r\n    <p>\r\n        Moreover, nature teaches us valuable lessons about resilience and adaptability. In the face of changing seasons, plants and animals adjust and thrive. Trees stand tall, braving harsh weather conditions, while animals navigate their habitats with grace and precision. Nature reminds us of the importance of resilience in our own lives, urging us to adapt to challenges and embrace growth.\r\n    </p>\r\n\r\n    <p>\r\n        In our increasingly urbanized world, its crucial to make time for nature. Exploring national parks, embarking on outdoor adventures, or simply tending to a garden can reignite our connection with the natural world. Let us cherish and protect the wonders of nature, preserving them for future generations to enjoy. As we immerse ourselves in natures embrace, we discover a profound sense of harmony and appreciation for the world around us.\r\n    </p>\r\n\r\n    <p>\r\n        In conclusion, nature offers us a sanctuary of beauty, inspiration, and solace. It allows us to reconnect with our roots and appreciate the miracles of life. Let us embark on a journey to explore the wonders of nature, for within its embrace, we find a renewed sense of wonder and a deeper understanding of ourselves.\r\n    </p>', 'https://startbootstrap.github.io/startbootstrap-clean-blog/assets/img/post-bg.jpg', '2023-07-10 08:29:48', '2023-07-10 10:26:26'),
(28, 7, 5, 'Dolor Sit Amet', '\r\n    <p>\r\n        Nature has always captivated our hearts and minds with its awe-inspiring beauty. From lush green forests to towering mountains and serene lakes, the wonders of nature never cease to amaze us. Being surrounded by nature has a profound impact on our well-being, providing a sense of peace and tranquility. It allows us to escape the chaos of our busy lives and connect with something greater than ourselves.\r\n    </p>\r\n\r\n    <p>\r\n        One of the most incredible aspects of nature is its diverse flora and fauna. The vibrant colors of flowers and the melodious songs of birds create a symphony of life. Every step in the wilderness unveils a new discovery, whether its spotting a rare species of butterfly or stumbling upon a hidden waterfall tucked away in the woods. These encounters remind us of the intricate beauty that exists in the natural world.\r\n    </p>\r\n\r\n    <p>\r\n        Natures therapeutic effects cannot be overlooked. Time spent in the great outdoors has been shown to reduce stress, improve mood, and boost overall well-being. The simple act of breathing in fresh air and feeling the gentle breeze on our skin can rejuvenate our senses. Whether its a hike through a scenic trail or a picnic in a meadow, nature provides the perfect backdrop for relaxation and rejuvenation.\r\n    </p>\r\n\r\n    <p>\r\n        Moreover, nature teaches us valuable lessons about resilience and adaptability. In the face of changing seasons, plants and animals adjust and thrive. Trees stand tall, braving harsh weather conditions, while animals navigate their habitats with grace and precision. Nature reminds us of the importance of resilience in our own lives, urging us to adapt to challenges and embrace growth.\r\n    </p>\r\n\r\n    <p>\r\n        In our increasingly urbanized world, its crucial to make time for nature. Exploring national parks, embarking on outdoor adventures, or simply tending to a garden can reignite our connection with the natural world. Let us cherish and protect the wonders of nature, preserving them for future generations to enjoy. As we immerse ourselves in natures embrace, we discover a profound sense of harmony and appreciation for the world around us.\r\n    </p>\r\n\r\n    <p>\r\n        In conclusion, nature offers us a sanctuary of beauty, inspiration, and solace. It allows us to reconnect with our roots and appreciate the miracles of life. Let us embark on a journey to explore the wonders of nature, for within its embrace, we find a renewed sense of wonder and a deeper understanding of ourselves.\r\n    </p>', 'https://startbootstrap.github.io/startbootstrap-clean-blog/assets/img/home-bg.jpg', '2023-07-10 08:29:48', '2023-07-10 10:26:26'),
(29, 2, 2, 'Dolor Sit Amet', '\r\n    <p>\r\n        Nature has always captivated our hearts and minds with its awe-inspiring beauty. From lush green forests to towering mountains and serene lakes, the wonders of nature never cease to amaze us. Being surrounded by nature has a profound impact on our well-being, providing a sense of peace and tranquility. It allows us to escape the chaos of our busy lives and connect with something greater than ourselves.\r\n    </p>\r\n\r\n    <p>\r\n        One of the most incredible aspects of nature is its diverse flora and fauna. The vibrant colors of flowers and the melodious songs of birds create a symphony of life. Every step in the wilderness unveils a new discovery, whether its spotting a rare species of butterfly or stumbling upon a hidden waterfall tucked away in the woods. These encounters remind us of the intricate beauty that exists in the natural world.\r\n    </p>\r\n\r\n    <p>\r\n        Natures therapeutic effects cannot be overlooked. Time spent in the great outdoors has been shown to reduce stress, improve mood, and boost overall well-being. The simple act of breathing in fresh air and feeling the gentle breeze on our skin can rejuvenate our senses. Whether its a hike through a scenic trail or a picnic in a meadow, nature provides the perfect backdrop for relaxation and rejuvenation.\r\n    </p>\r\n\r\n    <p>\r\n        Moreover, nature teaches us valuable lessons about resilience and adaptability. In the face of changing seasons, plants and animals adjust and thrive. Trees stand tall, braving harsh weather conditions, while animals navigate their habitats with grace and precision. Nature reminds us of the importance of resilience in our own lives, urging us to adapt to challenges and embrace growth.\r\n    </p>\r\n\r\n    <p>\r\n        In our increasingly urbanized world, its crucial to make time for nature. Exploring national parks, embarking on outdoor adventures, or simply tending to a garden can reignite our connection with the natural world. Let us cherish and protect the wonders of nature, preserving them for future generations to enjoy. As we immerse ourselves in natures embrace, we discover a profound sense of harmony and appreciation for the world around us.\r\n    </p>\r\n\r\n    <p>\r\n        In conclusion, nature offers us a sanctuary of beauty, inspiration, and solace. It allows us to reconnect with our roots and appreciate the miracles of life. Let us embark on a journey to explore the wonders of nature, for within its embrace, we find a renewed sense of wonder and a deeper understanding of ourselves.\r\n    </p>', 'https://startbootstrap.github.io/startbootstrap-clean-blog/assets/img/post-bg.jpg', '2023-07-10 08:29:48', '2023-07-10 10:26:26'),
(30, 8, 2, 'Dolor Sit Amet', '\r\n    <p>\r\n        Nature has always captivated our hearts and minds with its awe-inspiring beauty. From lush green forests to towering mountains and serene lakes, the wonders of nature never cease to amaze us. Being surrounded by nature has a profound impact on our well-being, providing a sense of peace and tranquility. It allows us to escape the chaos of our busy lives and connect with something greater than ourselves.\r\n    </p>\r\n\r\n    <p>\r\n        One of the most incredible aspects of nature is its diverse flora and fauna. The vibrant colors of flowers and the melodious songs of birds create a symphony of life. Every step in the wilderness unveils a new discovery, whether its spotting a rare species of butterfly or stumbling upon a hidden waterfall tucked away in the woods. These encounters remind us of the intricate beauty that exists in the natural world.\r\n    </p>\r\n\r\n    <p>\r\n        Natures therapeutic effects cannot be overlooked. Time spent in the great outdoors has been shown to reduce stress, improve mood, and boost overall well-being. The simple act of breathing in fresh air and feeling the gentle breeze on our skin can rejuvenate our senses. Whether its a hike through a scenic trail or a picnic in a meadow, nature provides the perfect backdrop for relaxation and rejuvenation.\r\n    </p>\r\n\r\n    <p>\r\n        Moreover, nature teaches us valuable lessons about resilience and adaptability. In the face of changing seasons, plants and animals adjust and thrive. Trees stand tall, braving harsh weather conditions, while animals navigate their habitats with grace and precision. Nature reminds us of the importance of resilience in our own lives, urging us to adapt to challenges and embrace growth.\r\n    </p>\r\n\r\n    <p>\r\n        In our increasingly urbanized world, its crucial to make time for nature. Exploring national parks, embarking on outdoor adventures, or simply tending to a garden can reignite our connection with the natural world. Let us cherish and protect the wonders of nature, preserving them for future generations to enjoy. As we immerse ourselves in natures embrace, we discover a profound sense of harmony and appreciation for the world around us.\r\n    </p>\r\n\r\n    <p>\r\n        In conclusion, nature offers us a sanctuary of beauty, inspiration, and solace. It allows us to reconnect with our roots and appreciate the miracles of life. Let us embark on a journey to explore the wonders of nature, for within its embrace, we find a renewed sense of wonder and a deeper understanding of ourselves.\r\n    </p>', 'https://startbootstrap.github.io/startbootstrap-clean-blog/assets/img/home-bg.jpg', '2023-07-10 08:29:48', '2023-07-10 10:26:26'),
(31, 1, 3, 'Dolor Sit Amet', '\r\n    <p>\r\n        Nature has always captivated our hearts and minds with its awe-inspiring beauty. From lush green forests to towering mountains and serene lakes, the wonders of nature never cease to amaze us. Being surrounded by nature has a profound impact on our well-being, providing a sense of peace and tranquility. It allows us to escape the chaos of our busy lives and connect with something greater than ourselves.\r\n    </p>\r\n\r\n    <p>\r\n        One of the most incredible aspects of nature is its diverse flora and fauna. The vibrant colors of flowers and the melodious songs of birds create a symphony of life. Every step in the wilderness unveils a new discovery, whether its spotting a rare species of butterfly or stumbling upon a hidden waterfall tucked away in the woods. These encounters remind us of the intricate beauty that exists in the natural world.\r\n    </p>\r\n\r\n    <p>\r\n        Natures therapeutic effects cannot be overlooked. Time spent in the great outdoors has been shown to reduce stress, improve mood, and boost overall well-being. The simple act of breathing in fresh air and feeling the gentle breeze on our skin can rejuvenate our senses. Whether its a hike through a scenic trail or a picnic in a meadow, nature provides the perfect backdrop for relaxation and rejuvenation.\r\n    </p>\r\n\r\n    <p>\r\n        Moreover, nature teaches us valuable lessons about resilience and adaptability. In the face of changing seasons, plants and animals adjust and thrive. Trees stand tall, braving harsh weather conditions, while animals navigate their habitats with grace and precision. Nature reminds us of the importance of resilience in our own lives, urging us to adapt to challenges and embrace growth.\r\n    </p>\r\n\r\n    <p>\r\n        In our increasingly urbanized world, its crucial to make time for nature. Exploring national parks, embarking on outdoor adventures, or simply tending to a garden can reignite our connection with the natural world. Let us cherish and protect the wonders of nature, preserving them for future generations to enjoy. As we immerse ourselves in natures embrace, we discover a profound sense of harmony and appreciation for the world around us.\r\n    </p>\r\n\r\n    <p>\r\n        In conclusion, nature offers us a sanctuary of beauty, inspiration, and solace. It allows us to reconnect with our roots and appreciate the miracles of life. Let us embark on a journey to explore the wonders of nature, for within its embrace, we find a renewed sense of wonder and a deeper understanding of ourselves.\r\n    </p>', 'https://startbootstrap.github.io/startbootstrap-clean-blog/assets/img/post-bg.jpg', '2023-07-10 08:29:48', '2023-07-10 10:26:26'),
(32, 9, 6, 'Nunc Vestibulum', '\r\n    <p>\r\n        Nature has always captivated our hearts and minds with its awe-inspiring beauty. From lush green forests to towering mountains and serene lakes, the wonders of nature never cease to amaze us. Being surrounded by nature has a profound impact on our well-being, providing a sense of peace and tranquility. It allows us to escape the chaos of our busy lives and connect with something greater than ourselves.\r\n    </p>\r\n\r\n    <p>\r\n        One of the most incredible aspects of nature is its diverse flora and fauna. The vibrant colors of flowers and the melodious songs of birds create a symphony of life. Every step in the wilderness unveils a new discovery, whether its spotting a rare species of butterfly or stumbling upon a hidden waterfall tucked away in the woods. These encounters remind us of the intricate beauty that exists in the natural world.\r\n    </p>\r\n\r\n    <p>\r\n        Natures therapeutic effects cannot be overlooked. Time spent in the great outdoors has been shown to reduce stress, improve mood, and boost overall well-being. The simple act of breathing in fresh air and feeling the gentle breeze on our skin can rejuvenate our senses. Whether its a hike through a scenic trail or a picnic in a meadow, nature provides the perfect backdrop for relaxation and rejuvenation.\r\n    </p>\r\n\r\n    <p>\r\n        Moreover, nature teaches us valuable lessons about resilience and adaptability. In the face of changing seasons, plants and animals adjust and thrive. Trees stand tall, braving harsh weather conditions, while animals navigate their habitats with grace and precision. Nature reminds us of the importance of resilience in our own lives, urging us to adapt to challenges and embrace growth.\r\n    </p>\r\n\r\n    <p>\r\n        In our increasingly urbanized world, its crucial to make time for nature. Exploring national parks, embarking on outdoor adventures, or simply tending to a garden can reignite our connection with the natural world. Let us cherish and protect the wonders of nature, preserving them for future generations to enjoy. As we immerse ourselves in natures embrace, we discover a profound sense of harmony and appreciation for the world around us.\r\n    </p>\r\n\r\n    <p>\r\n        In conclusion, nature offers us a sanctuary of beauty, inspiration, and solace. It allows us to reconnect with our roots and appreciate the miracles of life. Let us embark on a journey to explore the wonders of nature, for within its embrace, we find a renewed sense of wonder and a deeper understanding of ourselves.\r\n    </p>', 'https://startbootstrap.github.io/startbootstrap-clean-blog/assets/img/home-bg.jpg', '2023-07-10 08:29:48', '2023-07-10 10:26:26');

-- --------------------------------------------------------

--
-- Table structure for table `profiles`
--

CREATE TABLE `profiles` (
  `id` bigint(20) UNSIGNED NOT NULL,
  `user_id` bigint(20) UNSIGNED NOT NULL,
  `bio` varchar(255) NOT NULL,
  `img` varchar(255) NOT NULL,
  `created_at` timestamp NOT NULL DEFAULT current_timestamp(),
  `updated_at` timestamp NOT NULL DEFAULT current_timestamp() ON UPDATE current_timestamp()
) ENGINE=InnoDB DEFAULT CHARSET=utf8mb4 COLLATE=utf8mb4_unicode_ci;

--
-- Dumping data for table `profiles`
--

INSERT INTO `profiles` (`id`, `user_id`, `bio`, `img`, `created_at`, `updated_at`) VALUES
(1, 1, 'I am a web developer.', 'https://images.unsplash.com/photo-1568602471122-7832951cc4c5?ixlib=rb-4.0.3&ixid=M3wxMjA3fDB8MHxwaG90by1wYWdlfHx8fGVufDB8fHx8fA%3D%3D&auto=format&fit=crop&w=1170&q=80', '2023-07-10 08:12:46', '2023-07-10 09:14:47'),
(2, 2, 'Passionate about photography.', 'https://images.unsplash.com/photo-1461654929682-e0f99f05f37c?ixlib=rb-4.0.3&ixid=M3wxMjA3fDB8MHxwaG90by1wYWdlfHx8fGVufDB8fHx8fA%3D%3D&auto=format&fit=crop&w=1169&q=80', '2023-07-10 08:12:46', '2023-07-10 09:18:28'),
(3, 3, 'Music lover and guitar player.', 'https://images.unsplash.com/photo-1485178575877-1a13bf489dfe?ixlib=rb-4.0.3&ixid=M3wxMjA3fDB8MHxwaG90by1wYWdlfHx8fGVufDB8fHx8fA%3D%3D&auto=format&fit=crop&w=1101&q=80', '2023-07-10 08:12:46', '2023-07-10 09:20:06'),
(4, 4, 'Nature enthusiast and hiker.', 'https://images.unsplash.com/photo-1485199692108-c3b5069de6a0?ixlib=rb-4.0.3&ixid=M3wxMjA3fDB8MHxwaG90by1wYWdlfHx8fGVufDB8fHx8fA%3D%3D&auto=format&fit=crop&w=1170&q=80', '2023-07-10 08:12:46', '2023-07-10 09:21:41'),
(5, 5, 'Sports fan and basketball player.', 'https://images.unsplash.com/photo-1472099645785-5658abf4ff4e?ixlib=rb-4.0.3&ixid=M3wxMjA3fDB8MHxwaG90by1wYWdlfHx8fGVufDB8fHx8fA%3D%3D&auto=format&fit=crop&w=1170&q=80', '2023-07-10 08:12:46', '2023-07-10 09:23:45'),
(6, 6, 'Art and painting are my passions.', 'https://images.unsplash.com/photo-1438761681033-6461ffad8d80?ixlib=rb-4.0.3&ixid=M3wxMjA3fDB8MHxwaG90by1wYWdlfHx8fGVufDB8fHx8fA%3D%3D&auto=format&fit=crop&w=1170&q=80', '2023-07-10 08:12:46', '2023-07-10 09:22:24'),
(7, 7, 'Tech geek and programmer.', 'https://images.unsplash.com/photo-1558203728-00f45181dd84?ixlib=rb-4.0.3&ixid=M3wxMjA3fDB8MHxwaG90by1wYWdlfHx8fGVufDB8fHx8fA%3D%3D&auto=format&fit=crop&w=1174&q=80', '2023-07-10 08:12:46', '2023-07-10 09:27:03'),
(8, 8, 'Adventurous traveler.', 'https://images.unsplash.com/photo-1439402702863-6434b61e6392?ixlib=rb-4.0.3&ixid=M3wxMjA3fDB8MHxwaG90by1wYWdlfHx8fGVufDB8fHx8fA%3D%3D&auto=format&fit=crop&w=1170&q=80', '2023-07-10 08:12:46', '2023-07-10 09:22:51'),
(9, 9, 'Foodie and aspiring chef.', 'https://images.unsplash.com/photo-1603415526960-f7e0328c63b1?ixlib=rb-4.0.3&ixid=M3wxMjA3fDB8MHxwaG90by1wYWdlfHx8fGVufDB8fHx8fA%3D%3D&auto=format&fit=crop&w=1170&q=80', '2023-07-10 08:12:46', '2023-07-10 09:27:26'),
(10, 10, 'Loves reading and writing.', 'https://images.unsplash.com/photo-1487412720507-e7ab37603c6f?ixlib=rb-4.0.3&ixid=M3wxMjA3fDB8MHxwaG90by1wYWdlfHx8fGVufDB8fHx8fA%3D%3D&auto=format&fit=crop&w=1171&q=80', '2023-07-10 08:12:46', '2023-07-10 09:24:47');

-- --------------------------------------------------------

--
-- Table structure for table `users`
--

CREATE TABLE `users` (
  `id` bigint(20) UNSIGNED NOT NULL,
  `name` varchar(255) NOT NULL,
  `email` varchar(255) NOT NULL,
  `img` varchar(255) NOT NULL,
  `created_at` timestamp NOT NULL DEFAULT current_timestamp(),
  `updated_at` timestamp NOT NULL DEFAULT current_timestamp() ON UPDATE current_timestamp()
) ENGINE=InnoDB DEFAULT CHARSET=utf8mb4 COLLATE=utf8mb4_unicode_ci;

--
-- Dumping data for table `users`
--

INSERT INTO `users` (`id`, `name`, `email`, `img`, `created_at`, `updated_at`) VALUES
(1, 'John Doe', 'johndoe@example.com', 'https://images.unsplash.com/photo-1568602471122-7832951cc4c5?ixlib=rb-4.0.3&ixid=M3wxMjA3fDB8MHxwaG90by1wYWdlfHx8fGVufDB8fHx8fA%3D%3D&auto=format&fit=crop&w=1170&q=80', '2023-07-10 08:10:00', '2023-07-10 09:14:59'),
(2, 'Jane Smith', 'janesmith@example.com', 'https://images.unsplash.com/photo-1461654929682-e0f99f05f37c?ixlib=rb-4.0.3&ixid=M3wxMjA3fDB8MHxwaG90by1wYWdlfHx8fGVufDB8fHx8fA%3D%3D&auto=format&fit=crop&w=1169&q=80', '2023-07-10 08:10:00', '2023-07-10 09:18:34'),
(3, 'Michael Johnson', 'michaeljohnson@example.com', 'https://images.unsplash.com/photo-1485178575877-1a13bf489dfe?ixlib=rb-4.0.3&ixid=M3wxMjA3fDB8MHxwaG90by1wYWdlfHx8fGVufDB8fHx8fA%3D%3D&auto=format&fit=crop&w=1101&q=80', '2023-07-10 08:10:00', '2023-07-10 09:20:10'),
(4, 'Emily Davis', 'emilydavis@example.com', 'https://images.unsplash.com/photo-1485199692108-c3b5069de6a0?ixlib=rb-4.0.3&ixid=M3wxMjA3fDB8MHxwaG90by1wYWdlfHx8fGVufDB8fHx8fA%3D%3D&auto=format&fit=crop&w=1170&q=80', '2023-07-10 08:10:00', '2023-07-10 09:21:46'),
(5, 'Robert Wilson', 'robertwilson@example.com', 'https://images.unsplash.com/photo-1472099645785-5658abf4ff4e?ixlib=rb-4.0.3&ixid=M3wxMjA3fDB8MHxwaG90by1wYWdlfHx8fGVufDB8fHx8fA%3D%3D&auto=format&fit=crop&w=1170&q=80', '2023-07-10 08:10:00', '2023-07-10 09:23:37'),
(6, 'Olivia Brown', 'oliviabrown@example.com', 'https://images.unsplash.com/photo-1438761681033-6461ffad8d80?ixlib=rb-4.0.3&ixid=M3wxMjA3fDB8MHxwaG90by1wYWdlfHx8fGVufDB8fHx8fA%3D%3D&auto=format&fit=crop&w=1170&q=80', '2023-07-10 08:10:00', '2023-07-10 09:22:16'),
(7, 'William Taylor', 'williamtaylor@example.com', 'https://images.unsplash.com/photo-1558203728-00f45181dd84?ixlib=rb-4.0.3&ixid=M3wxMjA3fDB8MHxwaG90by1wYWdlfHx8fGVufDB8fHx8fA%3D%3D&auto=format&fit=crop&w=1174&q=80', '2023-07-10 08:10:00', '2023-07-10 09:26:57'),
(8, 'Sophia Clark', 'sophiaclark@example.com', 'https://images.unsplash.com/photo-1439402702863-6434b61e6392?ixlib=rb-4.0.3&ixid=M3wxMjA3fDB8MHxwaG90by1wYWdlfHx8fGVufDB8fHx8fA%3D%3D&auto=format&fit=crop&w=1170&q=80', '2023-07-10 08:10:00', '2023-07-10 09:22:57'),
(9, 'David Anderson', 'davidanderson@example.com', 'https://images.unsplash.com/photo-1603415526960-f7e0328c63b1?ixlib=rb-4.0.3&ixid=M3wxMjA3fDB8MHxwaG90by1wYWdlfHx8fGVufDB8fHx8fA%3D%3D&auto=format&fit=crop&w=1170&q=80', '2023-07-10 08:10:00', '2023-07-10 09:27:34'),
(10, 'Emma Martinez', 'emmamartinez@example.com', 'https://images.unsplash.com/photo-1487412720507-e7ab37603c6f?ixlib=rb-4.0.3&ixid=M3wxMjA3fDB8MHxwaG90by1wYWdlfHx8fGVufDB8fHx8fA%3D%3D&auto=format&fit=crop&w=1171&q=80', '2023-07-10 08:10:00', '2023-07-10 09:24:58');

--
-- Indexes for dumped tables
--

--
-- Indexes for table `categories`
--
ALTER TABLE `categories`
  ADD PRIMARY KEY (`id`);

--
-- Indexes for table `comments`
--
ALTER TABLE `comments`
  ADD PRIMARY KEY (`id`),
  ADD KEY `comments_user_id_foreign` (`user_id`),
  ADD KEY `comments_post_id_foreign` (`post_id`);

--
-- Indexes for table `failed_jobs`
--
ALTER TABLE `failed_jobs`
  ADD PRIMARY KEY (`id`),
  ADD UNIQUE KEY `failed_jobs_uuid_unique` (`uuid`);

--
-- Indexes for table `migrations`
--
ALTER TABLE `migrations`
  ADD PRIMARY KEY (`id`);

--
-- Indexes for table `password_reset_tokens`
--
ALTER TABLE `password_reset_tokens`
  ADD PRIMARY KEY (`email`);

--
-- Indexes for table `personal_access_tokens`
--
ALTER TABLE `personal_access_tokens`
  ADD PRIMARY KEY (`id`),
  ADD UNIQUE KEY `personal_access_tokens_token_unique` (`token`),
  ADD KEY `personal_access_tokens_tokenable_type_tokenable_id_index` (`tokenable_type`,`tokenable_id`);

--
-- Indexes for table `posts`
--
ALTER TABLE `posts`
  ADD PRIMARY KEY (`id`),
  ADD KEY `posts_user_id_foreign` (`user_id`),
  ADD KEY `posts_category_id_foreign` (`category_id`);

--
-- Indexes for table `profiles`
--
ALTER TABLE `profiles`
  ADD PRIMARY KEY (`id`),
  ADD KEY `profiles_user_id_foreign` (`user_id`);

--
-- Indexes for table `users`
--
ALTER TABLE `users`
  ADD PRIMARY KEY (`id`);

--
-- AUTO_INCREMENT for dumped tables
--

--
-- AUTO_INCREMENT for table `categories`
--
ALTER TABLE `categories`
  MODIFY `id` bigint(20) UNSIGNED NOT NULL AUTO_INCREMENT, AUTO_INCREMENT=7;

--
-- AUTO_INCREMENT for table `comments`
--
ALTER TABLE `comments`
  MODIFY `id` bigint(20) UNSIGNED NOT NULL AUTO_INCREMENT, AUTO_INCREMENT=17;

--
-- AUTO_INCREMENT for table `failed_jobs`
--
ALTER TABLE `failed_jobs`
  MODIFY `id` bigint(20) UNSIGNED NOT NULL AUTO_INCREMENT;

--
-- AUTO_INCREMENT for table `migrations`
--
ALTER TABLE `migrations`
  MODIFY `id` int(10) UNSIGNED NOT NULL AUTO_INCREMENT, AUTO_INCREMENT=17;

--
-- AUTO_INCREMENT for table `personal_access_tokens`
--
ALTER TABLE `personal_access_tokens`
  MODIFY `id` bigint(20) UNSIGNED NOT NULL AUTO_INCREMENT;

--
-- AUTO_INCREMENT for table `posts`
--
ALTER TABLE `posts`
  MODIFY `id` bigint(20) UNSIGNED NOT NULL AUTO_INCREMENT, AUTO_INCREMENT=33;

--
-- AUTO_INCREMENT for table `profiles`
--
ALTER TABLE `profiles`
  MODIFY `id` bigint(20) UNSIGNED NOT NULL AUTO_INCREMENT, AUTO_INCREMENT=11;

--
-- AUTO_INCREMENT for table `users`
--
ALTER TABLE `users`
  MODIFY `id` bigint(20) UNSIGNED NOT NULL AUTO_INCREMENT, AUTO_INCREMENT=11;

--
-- Constraints for dumped tables
--

--
-- Constraints for table `comments`
--
ALTER TABLE `comments`
  ADD CONSTRAINT `comments_post_id_foreign` FOREIGN KEY (`post_id`) REFERENCES `posts` (`id`) ON UPDATE CASCADE,
  ADD CONSTRAINT `comments_user_id_foreign` FOREIGN KEY (`user_id`) REFERENCES `users` (`id`) ON UPDATE CASCADE;

--
-- Constraints for table `posts`
--
ALTER TABLE `posts`
  ADD CONSTRAINT `posts_category_id_foreign` FOREIGN KEY (`category_id`) REFERENCES `categories` (`id`) ON UPDATE CASCADE,
  ADD CONSTRAINT `posts_user_id_foreign` FOREIGN KEY (`user_id`) REFERENCES `users` (`id`) ON UPDATE CASCADE;

--
-- Constraints for table `profiles`
--
ALTER TABLE `profiles`
  ADD CONSTRAINT `profiles_user_id_foreign` FOREIGN KEY (`user_id`) REFERENCES `users` (`id`) ON UPDATE CASCADE;
COMMIT;

/*!40101 SET CHARACTER_SET_CLIENT=@OLD_CHARACTER_SET_CLIENT */;
/*!40101 SET CHARACTER_SET_RESULTS=@OLD_CHARACTER_SET_RESULTS */;
/*!40101 SET COLLATION_CONNECTION=@OLD_COLLATION_CONNECTION */;
